Item Id,SKU,Type,Brand,Muscle Group,Features,Color,Sport/Activity,Country/Region of Manufacture,Material,Usage,Indoor/Outdoor,Personalized,Signed,Vintage,MPN,Model,Item Weight,Item Width,Custom Bundle,Bundle Description,California Prop 65 Warning,Item Diameter,Item Height,Item Length,Number of Items in Set,Set Includes,
"255576671235","ZX9FMSP4036","Exercise Equipment","BioPlus","","","Blue","","","","","","","","","BI1765486","","","","","","","","","","","",
"265621680506","ZX9FMSP22042","Exercise Equipment","BioPlus","","","Black","","","","","","","","","BI1769812","","","","","","","","","","","",
"265731449353","ZX9FMSP5329","Exercise Equipment","BioPlus","","","Blue","","","","","","","","","BI1769932","","","","","","","","","","","",
"265731474982","ZX9LFLN067","Exercise Equipment","T-Care","","Adjustable","","","","","","","","","","T-2105943","","","","","","","","","","","",
"265621701438","FMSP25865","Exercise Equipment","Baseline","","","","","","","","","","","","12-0070","","","","","","","","","","","",
"265731468155","FMSP25866","Exercise Equipment","Baseline","","","","","","","","","","","","12-0072","","","","","","","","","","","",
"255576665081","ZX9FMSP25866","Exercise Equipment","HappyHealth","","","","","","","","","","","","HA1765463","","","","","","","","","","","",
"265731485065","ZX9FABE05331","Exercise Equipment","BioPlus","","Adjustable","","","","","","","","","","BI1544923","","","","","","","","","","","",
"265621686506","FMSP13282","Exercise Equipment","Digi-Flex","","","","","","","","","","","","10-3787","","","","","","","","","","","",
"265731455033","FMSP14326","Exercise Equipment","Dynair","","","Blue","","","","","","","","","30-4211","","","","","","","","","","","",
"255576712062","FABE05331","Exercise Equipment","Fabrication Enterprises","","Adjustable","","","","","","","","","","10-0716","","","","","","","","","","","",
"265621730002","FMSP1805","Exercise Equipment","Fabrication Enterprises","","Adjustable","","","","","","","","","","10-5356-50","","","","","","","","","","","",
"265621717320","FMSP5064","Exercise Equipment","Fabrication Enterprises","","","","","","","","","","","","30-1724","","","","","","","","","","","",
"265621698389","FMSP5328","Exercise Equipment","Fabrication Enterprises","","","","","","","","","","","","32-1401B-6","","","","","","","","","","","",
"255463033418","FMSP5329","Exercise Equipment","Fabrication Enterprises","","","","","","","","","","","","32-1411B-6","","","","","","","","","","","",
"265731482004","FMSP4036","Exercise Equipment","Fabrication Enterprises","","","","","","","","","","","","32-1500B-10","","","","","","","","","","","",
"255576668525","FMSP22042","Exercise Equipment","Fabrication Enterprises","","","","","","","","","","","","71-0170","","","","","","","","","","","",
"265731531462","LBMT31139","Exercise Equipment","Gibbon","","","","","","","","","","","","449765","","","","","","","","","","","",
"265701432442","LBMT34216","Exercise Equipment","Gibbon","","","","","","","","","","","","449772","","","","","","","","","","","",
"265961583293","308342","Gliding Discs","Unbranded","Abdominal,Arms,Legs","Non-Slip","Black","","China","abs","Home Use","Indoor","No","No","No","fitness discs","fitness discs","","","No","","","","","","","",
"255576698306","LFLN067","Exercise Equipment","Lifeline","","Adjustable","","","","","","","","","","LLUWB-BLK","","","","","","","","","","","",
"255463060250","ZX9FMSP13284","Exercise Equipment","Step-Up Relief","","","","","","","","","","","","ST293635","","","","","","","","","","","",
"255829082204","SUNNY172","Exercise Equipment","Sunny Distributor Inc","","","","","","","","","","","","SF-T1407M","","","","","","","","","","","",
"255576666505","SUNNY178","Exercise Equipment","Sunny Distributor Inc","","","","","","","","","","","","SF-T4400","","","","","","","","","","","",
"265731466768","SUNY4413","Exercise Equipment","Sunny Health & Fitness","","","","","","Wood","","","","","","No. 084","","","","","","","","","","","",
"255465097100","SUNY4414","Exercise Equipment","Sunny Health & Fitness","","Weighted","","","","","","","","","","No. 085","","","","","","","","","","","",
"255576677192","SUNY165","Exercise Equipment","Sunny Health & Fitness","","","Pink","","","","","Indoor","","","","P8150","","","","","","","","","","","",
"255465096372","SUNY4333","Exercise Equipment","Sunny Health & Fitness","","","Black","","","","","Indoor","","","","SF-B1203","","","","","","","","","","","",
"255576649403","SUNY168","Exercise Equipment","Sunny Health & Fitness","","","","","","","","","","","","SF-B1509C","","","","","","","","","","","",
"255576706187","SUNY4411","Exercise Equipment","Sunny Health & Fitness","","","","","","","","","","","","SF-BH6802","","","","","","","","","","","",
"265731523833","SUNY206","Exercise Equipment","Sunny Health & Fitness","","","","","","","","","","","","SF-RB4631","","","","","","","","","","","",
"255576703319","SUNY207","Exercise Equipment","Sunny Health & Fitness","","","","","","","","","","","","SF-T7632","","","","","","","","","","","",
"265731472949","FMSP13291","Exercise Equipment","Sup-R Tubing","","","","","","","","","","","","10-5869","","","","","","","","","","","",
"265621675650","CMS35004202","Exercise Equipment","Thera-Band","","","Black","","","","","","","","","20960","","","","","","","","","","","",
"265731472787","FMSP12659","Exercise Equipment","Val-U-Tubing","","","","","","","","","","","","10-4828","","","","","","","","","","","",
"255463066501","CM111603","Exercise Equipment","Complete Medical Supplies","","","","","","","","","","","","111603","","","","","","","","","","","",
