Item Id,SKU,Brand,Size,Color,Department,Theme,Performance/Activity,Size Type,Fit,Style,Inseam,Features,Fabric Type,Character,Material,Occasion,Pattern,Compression Area,Waist Size,Closure,Season,Country/Region of Manufacture,Personalize,Handmade,Garment Care,Product Line,MPN,Model,California Prop 65 Warning,Personalization Instructions,
"264838265591","299037","Generic",,"Black","Women","Sports","Baseball,Basketball,Bodybuilding,Cheerleading,CrossFit,Cross Training,Cycling,Driving","Regular","Regular","Biker","Variable","Adjustable Waist","Blended Fabric","High Rise","Polyester Blend","Activewear,Casual,Travel","","","Elastic Waist","","","Bermuda","","","","","","","","",
"264838265591","301905",,"XL",,,,,,,,,,,,,,,,,,,,,,,,,,,,
"264838265591","301904",,"L",,,,,,,,,,,,,,,,,,,,,,,,,,,,
"264838265591","301903",,"M",,,,,,,,,,,,,,,,,,,,,,,,,,,,
"264838265591","301902",,"S",,,,,,,,,,,,,,,,,,,,,,,,,,,,
