Item Id,SKU,Brand,Color,MPN,Handmade,Custom Bundle,Bundle Description,Modified Item,Modification Description,Country/Region of Manufacture,California Prop 65 Warning,Model,
"255581243057","ZX9PSCHR203","New Color","","NE439636","","","","","","","","",
"265735805646","ZX9PSCHR201","New Color","","NE446193","","","","","","","","",
"265735695802","ZX9PSCHR200","New Color","","NE784206","","","","","","","","",
"255581159750","ZX9PSCHR267","New Color","","NE459076","","","","","","","","",
"265735807281","MC210830","Morris Costumes","","IA164","","","","","","","","",
"255581265333","PSCHR354","PAASCHE AIRBRUSH","","RG-4WC","","","","","","","","",
"265735930562","PSCHR356","PAASCHE AIRBRUSH","","TG-3WC","","","","","","","","",
"265597095120","PSCHR201","Paasche","","H-6P","","","","","","","","",
"255581002836","PSCHR203","Paasche","","TG-6P","","","","","","","","",
"255581163040","PSCHR316","Paasche","","TGX-2F","","","","","","","","",
"255581104536","PSCHR200","Paasche","","VL-6P","","","","","","","","",
"255580995710","ZX9PSCHR316","New Color","","NE446029","","","","","","","","",
