Item Id,SKU,Items included,Application,Type,Brand,Material,Finish,Color,Suitable For,Item Width,Style,Item Height,Item Depth,Room,Model,Country/Region of Manufacture,Custom Bundle,Bundle Description,Item Weight,MPN,California Prop 65 Warning,Features,Year Manufactured,
"265897241849","ZX9DGNL1451","","","Fireplaces","Accesorios","Steel","","Black","","","","","","","","","","","","AC2564965","","","",
"255513260062","ZX9UNIF549","","","Fireplaces","BluePrints","","","","","","","","","","","","","","","BL139865","","","",
"265883831410","ZX9UNIF553","","","Fireplaces","BluePrints","","","","","","","","","","","","","","","BL2674783","","","",
"255738052826","ZX9UNIF557","Grate","","Fireplaces","BluePrints","","","","","","","","","","","","","","","BL2674784","","","",
"265887605591","ZX9DGNL1150","Grate","","Fireplaces","Accesorios","","","Black","","","","","","","","","","","","AC2564867","","","",
"255513098388","ZX9UNIF002","","","Fireplaces","BluePrints","","","Black","","","","","","","","","","","","BL948014","","","",
"265669430035","CUIC6185","","","Fireplaces","Empire","","","Black","","","","","","","","","","","","DCG24BL","","","",
"265897103034","ZX9DGNL1239","","","Fireplaces","Accesorios","","","Black","","","","","","","","","","","","AC2564894","","","",
"255528850722","UNIF002","","","Fireplaces","Uniflame","","","Black","","","","","","","","","","","","A-1234","","","",
"255513458730","UNIF549","","","Fireplaces","Uniflame","","","","","","","","","","","","","","","C-1541","","","",
"265674159088","UNIF553","","","Fireplaces","Uniflame","","","","","","","","","","","","","","","C-1546","","","",
"265644735098","UNIF557","Grate","","Fireplaces","Uniflame","","","","","","","","","","","","","","","C-1549","","","",
