Item Id,SKU,Artist,Subject,Production Technique,Signed,Theme,Framing,Original/Licensed Reprint,Style,Year of Production,Features,Material,Country/Region of Manufacture,Size,Time Period Produced,Unit of Sale,Image Orientation,Culture,Certificate of Authenticity (COA),Personalize,Handmade,Region of Origin,Type,Item Height,Item Length,Item Width,Bundle Description,COA Issued By,California Prop 65 Warning,Custom Bundle,Personalization Instructions,Signed by,Title,
"255541699369","UTTERMST04092","","","","","Art","Framed","","","","","","","","","Set","","","","","","","Wall Art","","","","","","","","","","",
"255539144255","UTRMST3081","","","","","","Framed","","","","","","","","","Set","","","","","","","Wall Art","","","","","","","","","","",
"265697927551","UTRMST3084","","","","","","Framed","","","","","","","","","Set","","","","","","","Wall Art","","","","","","","","","","",
"255539164593","UTRMST3085","","Barns","","","","Framed","","","","","","","","","Set","","","","","","","Wall Art","","","","","","","","","","",
"265690477638","UTRMST3086","","","","","","Framed","","","","","","","","","Set","","","","","","","Wall Art","","","","","","","","","","",
"255541811386","UTRMST2901","","Seascape","","","","Framed","","","","","","","","","Set","","","","","","","Wall Art","","","","","","","","","","",
"265690606903","MLRS2330","","","","","","Framed","","","","","","","","","","","","","","","","Wall Art","","","","","","","","","","",
"265668916851","MLRS3629","","","","","Floral","","","","","","","","","","Set","","","","","","","Wall Art","","","","","","","","","","",
"255541861372","UTRMST5258","","","","","","Framed","","","","","","","","","Set","","","","","","","Wall Art","","","","","","","","","","",
"255539095362","UTRMST5262","","","","","","Framed","","Abstract","","","","","","","Set","","","","","","","Wall Art","","","","","","","","","","",
"255541627645","UTRMST5267","","","","","","Framed","","","","","","","","","Set","","","","","","","Wall Art","","","","","","","","","","",
"255541617922","UTRMST5292","","","","","","Framed","","","","","","","","","Set","","","","","","","Wall Art","","","","","","","","","","",
