Item Id,SKU,Style,Brand,Theme,Features,Material,Color,Handle/Strap Material,Lining Material,Product Line,Size,Department,Character,Fabric Type,Occasion,Pattern,Country/Region of Manufacture,Closure,Hardware Material,Handle Style,Personalize,Bag Width,Vintage,Model,Handmade,Bag Height,Bag Depth,Year Manufactured,California Prop 65 Warning,MPN,Personalization Instructions,Strap Drop,
"254559998186","116745","Packing Folder for Clothes","Embassy","","Folding","Nylon","Black","Nylon","","","","Men","","","","","","","","","","","","","","","","","","17-Packing-Folder-with-Folding-Form","","",
"264643606495","116746","Clothes Folding","Embassy","","Folding","Nylon","Black","Nylon","","","","Men","","","","","","","","","","","","","","","","","","19-Packing-Folder-with-Folding-Form","","",
"254559998274","116765","Sleeve","Embassy","","Lightweight","Faux Leather","Black","Faux Leather","Leather","","","Men","","","","Solid","","","","","","","","Embassy","","","","","","Solid-Genuine-Cowhide-Leather-Tablet-Co","","",
"264331812323","118830","Phone Case","Maxam","Motorcycle","","canvas","Black","","Canvas","","","Men","","Canvas","","","","Magnetic","","","","","","","","","","","","Motorcycle-Tank-Magnetic-Phone-Case","","",
