Item Id,SKU,Brand,Type,Main Purpose,Features,Color,Material,Body Area,Theme,Size,Item Width,Item Height,Active Ingredients,Shape,Item Length,Country/Region of Manufacture,Department,Expiration Date,Labels & Certifications,MPN,Bundle Description,California Prop 65 Warning,Custom Bundle,Model,
"265731528609","MABIS2939","DMI","Medical Supplies","","","","","Arm","","","","","","","","","","","","D 12077","","","","",
"265621728220","MABIS2940","DMI","Medical Supplies","","","","","Arm","","","","","","","","","","","","D 12078","","","","",
"255576719351","MABIS2941","DMI","Medical Supplies","","","","","Arm","","","","","","","","","","","","D 12079","","","","",
"265621729371","SSN15605","First Aid Only","Medical Supplies","First Aid","","","","","","","","","","","","","","","","90546","","","","",
