Item Id,SKU,Brand,Type,Item Width,Shape,Size,Model,Number in Pack,Color,Features,Item Height,Item Depth,Material,Year Manufactured,Country/Region of Manufacture,Manufacturer Warranty,Closure Type,MPN,Custom Bundle,California Prop 65 Warning,Bundle Description,
"265612052620","ACHR151774","Char-Broil","Grilling","","","","","","Black","","","","","","","","","8060206","","","",
"265612058169","CRNN009","Curonian","Grilling","","","","","","","","","","","","","","","R7-GBXQ-BN5T","","","",
"255453169467","CUIC5537","Empire","Grilling","","","","","","","","","","","","","","","WC60LSS","","","",
"255453154535","CGP1404286","Le Griddle","Grilling","","","","","","","","","","","","","","","GFCARTCOVER75","","","",
"265612053937","ACHR152542","Masterbuilt Manufacturing","Grilling","","","","","","","","","","","","","","","8047287","","","",
"265612078762","ZX9ACHR151774","Heatwave","Grilling","","","","","4","Black","","","","","","","","","HE1678935","","","",
