Item Id,SKU,Brand,MPN,Personalize,Custom Bundle,Bundle Description,Modified Item,Modification Description,Country/Region of Manufacture,California Prop 65 Warning,Personalization Instructions,
"255728785513","SSCH236","Esschert Design","W2026","","","","","","","","",
"255725066219","OCNTR32236","HomeRoots","354612","","","","","","","","",
"265695154287","KLKL478","Kalalou","A5943","","","","","","","","",
"255541682917","KLKL918","Kalalou","CCH1061","","","","","","","","",
"265690528636","KLKL816","Kalalou","PCGM2121","","","","","","","","",
