Item Id,SKU,Dog Size,Type,Dog Breed,Features,Brand,Material,Personalize,Custom Bundle,Model,Bundle Description,MPN,Modified Item,Modification Description,Country/Region of Manufacture,California Prop 65 Warning,Personalization Instructions,
"255576422554","CRNP1483","","Pet Beds & Houses","","","Carolina Pet","","","","","","011200","","","","","",
"265731230758","CRNP1484","","Pet Beds & Houses","","","Carolina Pet","","","","","","011210","","","","","",
"255576421240","CRNP1485","","Pet Beds & Houses","","","Carolina Pet","","","","","","011220","","","","","",
"265731228571","CRNP1486","","Pet Beds & Houses","","","Carolina Pet","","","","","","011230","","","","","",
"265731231781","CRNP1491","","Pet Beds & Houses","","","Carolina Pet","","","","","","011930","","","","","",
"255576419113","CRNP1492","","Pet Beds & Houses","","","Carolina Pet","","","","","","011950","","","","","",
"265731233506","CRNP1507","","Pet Beds & Houses","","","Carolina Pet","Memory Foam","","","","","012040 MF","","","","","",
"265731235968","CRNP1510","","Pet Beds & Houses","","","Carolina Pet","Memory Foam","","","","","012050 MF","","","","","",
"255576417882","CRNP1513","","Pet Beds & Houses","","","Carolina Pet","Memory Foam","","","","","012060 MF","","","","","",
"265731239930","CRNP1516","","Pet Beds & Houses","","","Carolina Pet","Memory Foam","","","","","012070 MF","","","","","",
"265731232093","CRNP1518","","Pet Beds & Houses","","Orthopedic","Carolina Pet","","","","","","012080 F","","","","","",
"255576428104","CRNP1519","","Pet Beds & Houses","","","Carolina Pet","Memory Foam","","","","","012080 MF","","","","","",
"255576426840","CRNP1522","","Pet Beds & Houses","","Orthopedic","Carolina Pet","","","","","","012090 F","","","","","",
"255576428530","CRNP1521","","Pet Beds & Houses","","","Carolina Pet","Memory Foam","","","","","012090 MF","","","","","",
"255576416998","CRNP1524","","Pet Beds & Houses","","Orthopedic","Carolina Pet","","","","","","012100 F","","","","","",
"255576420997","CRNP1525","","Pet Beds & Houses","","","Carolina Pet","Memory Foam","","","","","012100 MF","","","","","",
"265731231629","CRNP1527","","Pet Beds & Houses","","Orthopedic","Carolina Pet","","","","","","012110 F","","","","","",
"265731228657","CRNP1528","","Pet Beds & Houses","","","Carolina Pet","Memory Foam","","","","","012110 MF","","","","","",
"265731229789","CRNP1543","","Pet Beds & Houses","","","Carolina Pet","Canvas","","","","","012160 MF","","","","","",
"255576429367","CRNP1546","","Pet Beds & Houses","","","Carolina Pet","Canvas","","","","","012170 MF","","","","","",
"265731229115","CRNP1549","","Pet Beds & Houses","","","Carolina Pet","Canvas","","","","","012180 MF","","","","","",
"265731238192","CRNP1552","","Pet Beds & Houses","","","Carolina Pet","Canvas","","","","","012190 MF","","","","","",
"265731233925","CRNP1555","","Pet Beds & Houses","","","Carolina Pet","Canvas","","","","","012200 MF","","","","","",
"265731233282","CRNP1558","","Pet Beds & Houses","","","Carolina Pet","Canvas","","","","","012210 MF","","","","","",
"255576429989","CRNP1561","","Pet Beds & Houses","","","Carolina Pet","Canvas","","","","","012220 MF","","","","","",
"255576418451","CRNP1564","","Pet Beds & Houses","","","Carolina Pet","Canvas","","","","","012230 MF","","","","","",
"255576419653","CRNP1568","","Pet Beds & Houses","","Orthopedic","Carolina Pet","","","","","","012390","","","","","",
"265731228369","CRNP1569","","Pet Beds & Houses","","Orthopedic","Carolina Pet","","","","","","012400","","","","","",
"265731229305","CRNP1570","","Pet Beds & Houses","","Orthopedic","Carolina Pet","","","","","","012410","","","","","",
"255576421689","CRNP1579","","Pet Beds & Houses","","","Carolina Pet","","","","","","013480","","","","","",
"265731234641","CRNP1580","","Pet Beds & Houses","","","Carolina Pet","","","","","","013490","","","","","",
"265731232495","CRNP1615","","Pet Beds & Houses","","","Carolina Pet","Memory Foam","","","","","014550 MF","","","","","",
"255576421097","CRNP1618","","Pet Beds & Houses","","","Carolina Pet","Memory Foam","","","","","014560 MF","","","","","",
"255576418734","CRNP1621","","Pet Beds & Houses","","","Carolina Pet","Memory Foam","","","","","014570 MF","","","","","",
"265731240712","CRNP1623","","Pet Beds & Houses","","Orthopedic","Carolina Pet","Suede","","","","","014700 F","","","","","",
"255576419480","CRNP1624","","Pet Beds & Houses","","","Carolina Pet","Memory Foam","","","","","014700 MF","","","","","",
"265731231427","CRNP1632","","Pet Beds & Houses","","Orthopedic","Carolina Pet","Suede","","","","","014730 F","","","","","",
"255576419890","CRNP1633","","Pet Beds & Houses","","","Carolina Pet","Memory Foam","","","","","014730 MF","","","","","",
"255576416495","CRNP1639","","Pet Beds & Houses","","","Carolina Pet","","","","","","015330","","","","","",
"255576419223","CRNP1640","","Pet Beds & Houses","","","Carolina Pet","","","","","","015340","","","","","",
"265731231218","CRNP1641","","Pet Beds & Houses","","","Carolina Pet","","","","","","015350","","","","","",
"255576421491","CRNP1642","","Pet Beds & Houses","","","Carolina Pet","","","","","","015360","","","","","",
"265731229048","CRNP1643","","Pet Beds & Houses","","","Carolina Pet","","","","","","015370","","","","","",
"265731237128","CRNP1644","","Pet Beds & Houses","","","Carolina Pet","","","","","","015380","","","","","",
"255576429149","CRNP1451","","Pet Beds & Houses","","","Carolina Pet","Microfiber","","","","","019410","","","","","",
"265731228843","CRNP1454","","Pet Beds & Houses","","","Carolina Pet","Microfiber","","","","","019420","","","","","",
"265731233618","CRNP1457","M","Pet Beds & Houses","Any","Machine Washable","Carolina Pet","Microfiber","","","Saddle","","019430","","","","","",
"255576420305","CRNP1462","","Pet Beds & Houses","","","Carolina Pet","Canvas","","","","","019440 MF","","","","","",
"255576430145","CRNP1469","","Pet Beds & Houses","","","Carolina Pet","Canvas","","","","","019470","","","","","",
"265731231879","CRNP1472","","Pet Beds & Houses","","","Carolina Pet","Canvas","","","","","019480","","","","","",
"255576429260","CRNP1475","","Pet Beds & Houses","","","Carolina Pet","Canvas","","","","","019490","","","","","",
"265731228292","CRNP1978","","Pet Beds & Houses","","","Carolina Pet","","","","","","0PP0303-CHR","","","","","",
"255576423460","CRNP1971","","Pet Beds & Houses","","","Carolina Pet","","","","","","0PP0303-GST","","","","","",
"255576420403","CRNP1902","","Pet Beds & Houses","","","Carolina Pet","","","","","","0PP0303-HAR","","","","","",
"265731230081","CRNP1979","","Pet Beds & Houses","","","Carolina Pet","","","","","","0PP0304-CHR","","","","","",
"265731230917","CRNP1903","","Pet Beds & Houses","","","Carolina Pet","","","","","","0PP0304-HAR","","","","","",
"265731228104","CRNP1965","","Pet Beds & Houses","","","Carolina Pet","","","","","","0PP0304-RED","","","","","",
"265620566402","PRNC5510","","Pet Beds & Houses","","","Dog Gone Smart","","","","","","855128","","","","","",
"255576416786","ENGL1019","","Pet Beds & Houses","","","Englacha","","","","","","06012019-d","","","","","",
"265620565417","GPTC1447","","Pet Beds & Houses","","Waterproof","Go Pet Club","Memory Foam","","","","","KK-36","","","","","",
"255461976156","MAJPT517","","Pet Beds & Houses","","","Majestic Pet","","","","","","78899550062","","","","","",
"255811364823","MAJPT524","","Pet Beds & Houses","","","Majestic Pet","","","","","","78899550069","","","","","",
"255461995770","MAJPT525","","Pet Beds & Houses","","","Majestic Pet","","","","","","78899550070","","","","","",
"255461961656","MAJPT526","","Pet Beds & Houses","","","Majestic Pet","","","","","","78899550071","","","","","",
"265620562261","MAJPT532","","Pet Beds & Houses","","","Majestic Pet","","","","","","78899550101","","","","","",
"255461975587","MAJPT536","","Pet Beds & Houses","","","Majestic Pet","","","","","","78899550105","","","","","",
"265620537442","MAJPT537","","Pet Beds & Houses","","","Majestic Pet","","","","","","78899550106","","","","","",
"255461994722","MAJPT539","","Pet Beds & Houses","","","Majestic Pet","","","","","","78899550108","","","","","",
"265620569786","MAJPT595","","Pet Beds & Houses","","","Majestic Pet","","","","","","78899550664","","","","","",
"255461962680","MAJPT597","","Pet Beds & Houses","","","Majestic Pet","","","","","","78899550666","","","","","",
"265620547656","MAJPT598","","Pet Beds & Houses","","","Majestic Pet","","","","","","78899550667","","","","","",
"255461986642","MAJPT599","","Pet Beds & Houses","","","Majestic Pet","","","","","","78899550668","","","","","",
"265973650706","MAJPT600","","Pet Beds & Houses","","","Majestic Pet","","","","","","78899550669","","","","","",
"265620555390","MAJPT609","","Pet Beds & Houses","","","Majestic Pet","","","","","","78899550700","","","","","",
"265620552176","MAJPT611","","Pet Beds & Houses","","","Majestic Pet","","","","","","78899550702","","","","","",
"265620552376","MAJPT613","","Pet Beds & Houses","","","Majestic Pet","","","","","","78899550704","","","","","",
"265620555468","MAJPT614","","Pet Beds & Houses","","","Majestic Pet","","","","","","78899550705","","","","","",
"255461962976","MAJPT666","","Pet Beds & Houses","","Orthopedic","Majestic Pet","Memory Foam","","","","","78899551201","","","","","",
"255461989402","MAJPT671","","Pet Beds & Houses","","Orthopedic","Majestic Pet","Memory Foam","","","","","78899551212","","","","","",
"255461985726","MAJPT674","","Pet Beds & Houses","","Orthopedic","Majestic Pet","Memory Foam","","","","","78899551215","","","","","",
"265620556933","MAJPT681","","Pet Beds & Houses","","Orthopedic","Majestic Pet","Memory Foam","","","","","78899551224","","","","","",
"265620555812","MAJPT682","","Pet Beds & Houses","","Orthopedic","Majestic Pet","Memory Foam","","","","","78899551225","","","","","",
"265620564979","MAJPT685","","Pet Beds & Houses","","Orthopedic","Majestic Pet","Memory Foam","","","","","78899551228","","","","","",
"265620573884","MAJPT687","","Pet Beds & Houses","","Orthopedic","Majestic Pet","Memory Foam","","","","","78899551230","","","","","",
"255461974251","MAJPT691","","Pet Beds & Houses","","Orthopedic","Majestic Pet","Memory Foam","","","","","78899551234","","","","","",
"255461972112","MAJPT692","","Pet Beds & Houses","","Orthopedic","Majestic Pet","Memory Foam","","","","","78899551235","","","","","",
"265620551472","MAJPT693","","Pet Beds & Houses","","Orthopedic","Majestic Pet","Memory Foam","","","","","78899551236","","","","","",
"255461985446","MAJPT696","","Pet Beds & Houses","","Orthopedic","Majestic Pet","Memory Foam","","","","","78899551239","","","","","",
"255461965304","MAJPT698","","Pet Beds & Houses","","Orthopedic","Majestic Pet","Memory Foam","","","","","78899551241","","","Aruba","","",
"265620551755","MAJPT700","","Pet Beds & Houses","","Orthopedic","Majestic Pet","Memory Foam","","","","","78899551243","","","Aruba","","",
"265620544492","MAJPT703","","Pet Beds & Houses","","Orthopedic","Majestic Pet","Memory Foam","","","","","78899551246","","","","","",
"255461986882","MAJPT704","","Pet Beds & Houses","","Orthopedic","Majestic Pet","Memory Foam","","","","","78899551247","","","","","",
"265620540885","MAJPT708","","Pet Beds & Houses","","Orthopedic","Majestic Pet","Memory Foam","","","","","78899551251","","","","","",
"255461962157","MAJPT715","","Pet Beds & Houses","","Orthopedic","Majestic Pet","Memory Foam","","","","","78899551258","","","","","",
"265620541381","MAJPT721","","Pet Beds & Houses","","Orthopedic","Majestic Pet","Memory Foam","","","","","78899551264","","","","","",
"265620572327","MAJPT722","","Pet Beds & Houses","","Orthopedic","Majestic Pet","Memory Foam","","","","","78899551265","","","","","",
"255461967104","MAJPT723","","Pet Beds & Houses","","Orthopedic","Majestic Pet","Memory Foam","","","","","78899551266","","","","","",
"255461977924","MAJPT724","","Pet Beds & Houses","","Orthopedic","Majestic Pet","Memory Foam","","","","","78899551267","","","","","",
"255461995414","MAJPT727","","Pet Beds & Houses","","Orthopedic","Majestic Pet","Memory Foam","","","","","78899551270","","","","","",
"255461984870","MAJPT728","","Pet Beds & Houses","","Orthopedic","Majestic Pet","Memory Foam","","","","","78899551271","","","","","",
"255461973143","MAJPT729","","Pet Beds & Houses","","Orthopedic","Majestic Pet","Memory Foam","","","","","78899551272","","","","","",
"255461959949","MAJPT731","","Pet Beds & Houses","","Orthopedic","Majestic Pet","Memory Foam","","","","","78899551274","","","","","",
"255461988983","MAJPT734","","Pet Beds & Houses","","Orthopedic","Majestic Pet","Memory Foam","","","","","78899551275","","","","","",
"255461985334","MAJPT738","","Pet Beds & Houses","","Orthopedic","Majestic Pet","Memory Foam","","","","","78899551279","","","","","",
"255461986528","MAJPT740","","Pet Beds & Houses","","Orthopedic","Majestic Pet","Memory Foam","","","","","78899551281","","","","","",
"255461960911","MAJPT926","","Pet Beds & Houses","","","Majestic Pet","","","","","","78899554262","","","","","",
"255461989688","MAJPT930","","Pet Beds & Houses","","","Majestic Pet","","","","","","78899554266","","","","","",
"265620571300","MAJPT907","","Pet Beds & Houses","","","Majestic Pet","","","","","","78899554301","","","","","",
"255461963796","MAJPT908","","Pet Beds & Houses","","","Majestic Pet","","","","","","78899554302","","","","","",
"265620554445","MAJPT943","","Pet Beds & Houses","","","Majestic Pet","","","","","","78899554308","","","","","",
"255461974130","MAJPT944","","Pet Beds & Houses","","","Majestic Pet","","","","","","78899554462","","","","","",
"255461986361","MAJPT945","","Pet Beds & Houses","","","Majestic Pet","","","","","","78899554463","","","","","",
"255461965549","MAJPT946","","Pet Beds & Houses","","","Majestic Pet","","","","","","78899554464","","","","","",
"255461996139","MAJPT949","","Pet Beds & Houses","","","Majestic Pet","","","","","","78899554466","","","","","",
"265620571853","MAJPT951","","Pet Beds & Houses","","","Majestic Pet","","","","","","78899554468","","","","","",
"255667812788","MAJPT952","","Pet Beds & Houses","","","Majestic Pet","","","","","","78899554469","","","","","",
"265620558956","MAJPT957","","Pet Beds & Houses","","","Majestic Pet","","","","","","78899554500","","","","","",
"255461985802","MAJPT958","","Pet Beds & Houses","","","Majestic Pet","","","","","","78899554501","","","","","",
"255461962538","MAJPT962","","Pet Beds & Houses","","","Majestic Pet","","","","","","78899554507","","","","","",
"265620570875","MAJPT963","","Pet Beds & Houses","","","Majestic Pet","","","","","","78899554508","","","","","",
"255461962049","MAJPT083","","Pet Beds & Houses","","","Majestic Pet","","","","","","788995612414","","","","","",
"265620567589","MAJPT140","","Pet Beds & Houses","","","Majestic Pet","","","","","","788995651628","","","","","",
"265620565127","MAJPT145","","Pet Beds & Houses","","","Majestic Pet","","","","","","788995652410","","","","","",
"255461976435","MAJPT1013","","Pet Beds & Houses","","","Majestic Pet","Suede","","","","","78899567307","","","","","",
"255461994356","MAJPT1017","","Pet Beds & Houses","","","Majestic Pet","Suede","","","","","78899567407","","","","","",
"265620557405","MAJPT2258","","Pet Beds & Houses","","","MajesticPet","","","","","","788995500025","","","","","",
"255461974593","MAJPT2089","","Pet Beds & Houses","","","MajesticPet","","","","","","788995500032","","","","","",
"255461986689","MAJPT2062","","Pet Beds & Houses","","","MajesticPet","","","","","","788995500070","","","","","",
"255461961959","MAJPT2111","","Pet Beds & Houses","","","MajesticPet","","","","","","788995500087","","","","","",
"255461963077","MAJPT2470","","Pet Beds & Houses","","","MajesticPet","","","","","","788995500131","","","","","",
"255461986821","MAJPT2259","","Pet Beds & Houses","","","MajesticPet","","","","","","788995500155","","","","","",
"255461972003","MAJPT2090","","Pet Beds & Houses","","","MajesticPet","","","","","","788995500162","","","","","",
"255461972325","MAJPT2047","","Pet Beds & Houses","","","MajesticPet","","","","","","788995500179","","","","","",
"255461985276","MAJPT2129","","Pet Beds & Houses","","","MajesticPet","","","","","","788995500209","","","","","",
"255461973832","MAJPT2471","","Pet Beds & Houses","","","MajesticPet","","","","","","788995500223","","","","","",
"255461962824","MAJPT2091","","Pet Beds & Houses","","","MajesticPet","","","","","","788995500254","","","","","",
"255461972585","MAJPT2130","","Pet Beds & Houses","","","MajesticPet","","","","","","788995500292","","","","","",
"255461984074","MAJPT2068","","Pet Beds & Houses","","","MajesticPet","","","","","","788995500315","","","","","",
"265620541127","MAJPT2049","","Pet Beds & Houses","","","MajesticPet","","","","","","788995500506","","","","","",
"265620547591","MAJPT2069","","Pet Beds & Houses","","","MajesticPet","","","","","","788995500575","","","","","",
"265620570786","MAJPT2262","","Pet Beds & Houses","","","MajesticPet","","","","","","788995500582","","","","","",
"255461975452","MAJPT2093","","Pet Beds & Houses","","","MajesticPet","","","","","","788995500599","","","","","",
"255461989037","MAJPT2115","","Pet Beds & Houses","","","MajesticPet","","","","","","788995500735","","","","","",
"265620571642","MAJPT2263","","Pet Beds & Houses","","","MajesticPet","","","","","","788995500773","","","Aruba","","",
"265620562805","MAJPT2094","","Pet Beds & Houses","","","MajesticPet","","","","","","788995500780","","","Aruba","","",
"265620567989","MAJPT2051","","Pet Beds & Houses","","","MajesticPet","","","","","","788995500797","","","Aruba","","",
"265620565213","MAJPT2116","","Pet Beds & Houses","","","MajesticPet","","","","","","788995500810","","","","","",
"255461994964","MAJPT2133","","Pet Beds & Houses","","","MajesticPet","","","","","","788995500827","","","","","",
"255461997045","MAJPT2117","","Pet Beds & Houses","","","MajesticPet","","","","","","788995500926","","","","","",
"265620569666","MAJPT2134","","Pet Beds & Houses","","","MajesticPet","","","","","","788995500933","","","","","",
"255461965113","MAJPT2208","","Pet Beds & Houses","","","MajesticPet","","","","","","788995506034","","","","","",
"255461986242","MAJPT2279","","Pet Beds & Houses","","","MajesticPet","","","","","","788995506140","","","","","",
"265620551924","MAJPT2110","","Pet Beds & Houses","","","MajesticPet","","","","","","788995506157","","","","","",
"255461967045","MAJPT2162","","Pet Beds & Houses","","","MajesticPet","","","","","","788995506164","","","","","",
"255461967286","MAJPT2209","","Pet Beds & Houses","","","MajesticPet","","","","","","788995506171","","","","","",
"265620540572","MAJPT2292","S","Pet Beds & Houses","","","MajesticPet","","","","","","788995506188","","","","","",
"255461973369","MAJPT2149","","Pet Beds & Houses","","","MajesticPet","","","","","","788995506195","","","","","",
"265620538303","MAJPT2087","","Pet Beds & Houses","","","MajesticPet","","","","","","788995506225","","","","","",
"255461994657","MAJPT2224","","Pet Beds & Houses","","","MajesticPet","","","","","","788995506249","","","","","",
"265620572753","MAJPT2163","","Pet Beds & Houses","","","MajesticPet","","","","","","788995506256","","","","","",
"265620568122","MAJPT2210","","Pet Beds & Houses","","","MajesticPet","","","","","","788995506263","","","","","",
"265620550112","MAJPT2293","","Pet Beds & Houses","","","MajesticPet","","","","","","788995506270","","","","","",
"255461989340","MAJPT2492","","Pet Beds & Houses","","","MajesticPet","","","","","","788995506294","","","","","",
"255461996237","MAJPT2088","","Pet Beds & Houses","","","MajesticPet","","","","","","788995506300","","","","","",
"255461966583","MAJPT2281","","Pet Beds & Houses","","","MajesticPet","","","","","","788995506317","","","","","",
"255461995238","MAJPT2151","","Pet Beds & Houses","","","MajesticPet","","","","","","788995506539","","","","","",
"255461985131","MAJPT2493","","Pet Beds & Houses","","","MajesticPet","","","","","","788995506546","","","","","",
"265620547354","MAJPT2282","","Pet Beds & Houses","","","MajesticPet","","","","","","788995506577","","","","","",
"265620544144","MAJPT2165","","Pet Beds & Houses","","","MajesticPet","","","","","","788995506591","","","","","",
"255461985676","MAJPT2212","","Pet Beds & Houses","","","MajesticPet","","","","","","788995506614","","","","","",
"255461986726","MAJPT2494","","Pet Beds & Houses","","","MajesticPet","","","","","","788995506744","","","","","",
"265620551570","MAJPT2283","","Pet Beds & Houses","","","MajesticPet","","","","","","788995506768","","","Aruba","","",
"265620571004","MAJPT2284","","Pet Beds & Houses","","","MajesticPet","","","","","","788995506843","","","","","",
"255461973550","MAJPT2228","","Pet Beds & Houses","","","MajesticPet","","","","","","788995506850","","","","","",
"265620540359","MAJPT2167","","Pet Beds & Houses","","","MajesticPet","","","","","","788995506898","","","","","",
"265620561702","MAJPT2334","","Pet Beds & Houses","","","MajesticPet","","","","","","788995524526","","","","","",
"255461974490","MAJPT2511","","Pet Beds & Houses","","","MajesticPet","","","","","","788995524533","","","","","",
"255461967004","MAJPT2378","","Pet Beds & Houses","","","MajesticPet","","","","","","788995524595","","","","","",
"265620543010","MAJPT2420","","Pet Beds & Houses","","","MajesticPet","","","","","","788995526537","","","","","",
"265620568359","MAJPT2449","","Pet Beds & Houses","","","MajesticPet","","","","","","788995526544","","","","","",
"265620552784","MAJPT2184","","Pet Beds & Houses","","","MajesticPet","","","","","","788995526575","","","","","",
"255461977967","MAJPT2379","","Pet Beds & Houses","","","MajesticPet","","","","","","788995526582","","","","","",
"255461981851","MAJPT2314","","Pet Beds & Houses","","","MajesticPet","","","","","","788995526599","","","","","",
"255461976481","MAJPT2517","","Pet Beds & Houses","","","MajesticPet","","","","","","788995542018","","","","","",
"255461986562","MAJPT2425","","Pet Beds & Houses","","","MajesticPet","","","","","","788995542025","","","","","",
"255461972938","MAJPT2454","","Pet Beds & Houses","","","MajesticPet","","","","","","788995542032","","","","","",
"265620557779","MAJPT2341","","Pet Beds & Houses","","","MajesticPet","","","","","","788995542278","","","","","",
"265620550219","MAJPT2190","","Pet Beds & Houses","","","MajesticPet","","","","","","788995542322","","","","","",
"255461987844","MAJPT2320","","Pet Beds & Houses","","","MajesticPet","","","","","","788995542506","","","","","",
"255461977388","MAJPT2342","","Pet Beds & Houses","","","MajesticPet","","","","","","788995542520","","","","","",
"265620554649","MAJPT2519","","Pet Beds & Houses","","","MajesticPet","","","","","","788995542537","","","","","",
"255461983609","MAJPT2321","","Pet Beds & Houses","","","MajesticPet","","","","","","788995542612","","","","","",
"255461976683","MAJPT2520","","Pet Beds & Houses","","","MajesticPet","","","","","","788995544029","","","","","",
"265620546196","MAJPT2387","","Pet Beds & Houses","","","MajesticPet","","","","","","788995544265","","","","","",
"255461966185","MAJPT2534","","Pet Beds & Houses","","","MajesticPet","","","","","","788995544272","","","","","",
"265620559143","MAJPT2359","","Pet Beds & Houses","","","MajesticPet","","","","","","788995544333","","","","","",
"265620552052","MAJPT2430","","Pet Beds & Houses","","","MajesticPet","","","","","","788995544555","","","","","",
"255461988369","MAJPT2459","","Pet Beds & Houses","","","MajesticPet","","","","","","788995544579","","","","","",
"265731229676","ORE2335","","Pet Beds & Houses","","","Ore Furniture","","","","","","HB4289","","","","","",
"255576417791","ORE2339","","Pet Beds & Houses","","","Ore Furniture","","","","","","HB4297","","","","","",
"265731235411","ORE2337","","Pet Beds & Houses","","","Ore Furniture","Plush","","","","","HB4340","","","","","",
"255576428708","ORE2336","","Pet Beds & Houses","","","Ore Furniture","","","","","","HB4346","","","","","",
"265620545712","QKWY1443","","Pet Beds & Houses","","","PawsMark","Wicker","","","","","QI003681","","","","","",
"255461965763","ZX9PTQN012","","Pet Beds & Houses","","","PetPride","","","","","","PE1645453","","","","","",
"265620552295","TRDMR57409","","Pet Beds & Houses","","Orthopedic","Petmaker","Memory Foam","","","","","80-PET5090T","","","","","",
"265620546088","TRDMR57400","","Pet Beds & Houses","","Orthopedic","Petmaker","Memory Foam","","","","","80-PET5091G","","","","","",
"265620571264","TRDMR53333","","Pet Beds & Houses","","Waterproof","Petmaker","Memory Foam","","","","","80-PET6080","","","","","",
"265731231324","ZX9MERRY1136","","Pet Beds & Houses","","","Noah\'s Ark","","","","","","NO374494","","","","","",
"265620559014","ZX9PTE6119","","Pet Beds & Houses","","","FlyFree","","","","","","FL1854076","","","","","",
"265620543232","PTLF3807","","Pet Beds & Houses","","Waterproof","Touchdog","","","","","","PB79YLLG","","","","","",
"255461989288","PTLF3813","","Pet Beds & Houses","","","Touchdog","","","","","","PB80YLLG","","","","","",
"265731246020","MERRY1136","","Pet Beds & Houses","","","zoovilla","","","","","","PTH0641720110","","","","","",
"265731234710","MERRY1137","","Pet Beds & Houses","","","zoovilla","","","","","","PTH0651721710","","","","","",
