Item Id,SKU,Brand,MPN,Model,Custom Bundle,Bundle Description,Modified Item,Modification Description,California Prop 65 Warning,Country/Region of Manufacture,
"255581077326","ZX9SPRCH29558","SuiteX","SU789665","","","","","","","",
"265735682230","AZFELL5219301","FELLOWES","5219301","","","","","","","",
"255580966147","ATECH3389","FELLOWES","5227201","","","","","","","",
"265735781628","SPRCH92796","FELLOWES","5603001","","","","","","","",
"265735810917","SPRCH29558","Fellowes Mfg. Co.","FEL5216901","","","","","","","",
"265735951479","SPRCH27228","Fellowes Mfg. Co.","5219501","","","","","","","",
"265735748015","AZGBC7706172","GBC","7706172","","","","","","","",
"255581216202","ZX9AZFELL5219301","Nine2Five","NI619885","","","","","","","",
"265735858632","ZX9SPRCH29731","SuiteX","SU127468","","","","","","","",
"255581125201","ZX9SPRCH27228","SuiteX","SU517483","","","","","","","",
