Item Id,SKU,Ring Size,Type,Color,Brand,MPN,Sheet Capacity,Features,Material,Custom Bundle,Model,Bundle Description,Modified Item,Modification Description,California Prop 65 Warning,Country/Region of Manufacture,
"265735941179","SY2548829","","Office Accessories","","Fellowes Inc","5216701","","","","","","","","","","",
"265735936360","SPRCH35215","","Office Accessories","","Business Source","BSN15700","","","","","","","","","","",
"265735821680","ZX9SPRCH35215","","Office Accessories","","Davenport","DA840635","","","","","","","","","","",
"265735828567","ZX9SY2548829","","Office Accessories","","CoolCrafts","CO823887","","","","","","","","","","",
"265735800186","SSN34252","","Office Accessories","","Vaultz","VZ01193","","","","","","","","","","",
