Item Id,SKU,Brand,Ingredients,Scent,Type,Body Area,Features,Color,Country/Region of Manufacture,Size,Department,Item Weight,Skin Type,Personalize,Shape,Pattern,Product Line,MPN,Bundle Description,California Prop 65 Warning,Custom Bundle,Personalization Instructions,
"265621723265","SSN52838","Ability One","","","Bath & Body","","","Gray","","","","","","","","","","5219873","","","","",
"265621707311","SPRCH66654","Genuine Joe","","","Bath & Body","","","","","","","","","","","","","GJO85133CT","","","","",
"265731476982","FRG34187","Paco Rabanne","","","Bath & Body","","","","","","","5 oz","","","","","","221359","","","","",
"255576688643","SPRCH65891","Skilcraft","","","Bath & Body","","","","","","","","","","","","","NSN2280598CT","","","","",
"255576655680","ESSEN0715","VVF AMENITIES","","","Bath & Body","","","White","","","","","","","","","","184","","","","",
"265731519521","ESSEN0716","VVF AMENITIES","","","Bath & Body","","","White","","","","","","","","","","194","","","","",
