Item Id,SKU,Brand,MPN,Model,Custom Bundle,Bundle Description,Modified Item,Modification Description,California Prop 65 Warning,Country/Region of Manufacture,
"265620574521","BCD03254","4D Concepts","140209","","","","","","","",
"265620584100","FD346","4D Concepts","603124","","","","","","","",
"265839730337","ZX9PLMC1387","Chesterfield","CH447895","","","","","","","",
"265620613416","AMFN1834","American Furniture Classics","MDRBC-BK","","","","","","","",
"255462006426","QKWY1267","Fabulaxe","QI003995.L","","","","","","","",
"255462023331","HDSNC1734","Hudson & Canal","BK0449","","","","","","","",
"255462016349","HDSNC1735","Hudson & Canal","BK0450","","","","","","","",
"265620616893","HDSNC2050","Henn & Hart","BK1007","","","","","","","",
"255656653136","IFD2796","Inroom Furniture Designs","BK20","","","","","","","",
"265620622744","IFD2192","KB","BK125","","","","","","","",
"265620621456","ZX9BCD03254","ComfortCorrect","CO620659","","","","","","","",
