Item Id,SKU,Brand,Age,Color,Features,MPN,Custom Bundle,Model,Bundle Description,Modified Item,Modification Description,Country/Region of Manufacture,California Prop 65 Warning,
"255461921282","ZX9SSPC98072","TrainedToddler","","","","TR520586","","","","","","","",
"255461954991","ZX9ALKO3084","StationX","","","","ST709834","","","","","","","",
"265620507204","ALKO3084","ALEKO","","","","BHPUMP680W-UNB","","","","","","","",
"255461958668","ALKO5718","ALEKO","","","","BHSPORTS-UNB","","","","","","","",
"255461904741","ALKO2647","ALEKO","Toddler","Blue","","BSW01-UNB","","","","","","","",
"255461936558","SSPC98072","Covered in Comfort","","","","410","","","","","","","",
"255461900019","ZX9ALKO5719","StationX","","","","ST1489608","","","","","","","",
"255461898131","TRDMR320692","Trademark","","Black","","80-SA-173","","","","","","","",
