Item Id,SKU,Type,Brand,Style,Color,Main Stone Color,Charm Type,Metal,Material,Secondary Stone,Main Stone,Number of Gemstones,Closure,Theme,Chain Type,Main Stone Shape,Shape,Base Metal,Country of Origin,Features,Main Stone Creation,Country/Region of Manufacture,Occasion,Setting Style,Item Length,Cut Grade,Main Stone Width,Main Stone Depth,Main Stone Length,Main Stone Treatment,Wholesale,Seller Warranty,Personalize,Handmade,Sizable,Signed,Antique,Customized,Vintage,Metal Purity,Era,Gemstone Clarity Grade,California Prop 65 Warning,MPN,Personalization Instructions,
"255584368443","308212","Bracelet","Unbranded","Beaded","Multicolor","Multicolor","Bead","Unknown","Rubber","Unknown","Unknown","7","","","","","","Unknown","Unknown","","Unknown","Unknown","","","","","","","","Unknown","","","","","","","","","","Unknown","","","","","",
"255584391861","308213","Bracelet","Unbranded","Bracelet","Multicolor","Multicolor","Bead","Metal Alloy","Acrylic,Rubber","Unknown","Unknown","Multiple","Elastic","Bohemian","","Round","Round","Unknown","China","","Treated","Unknown","","","NA","","","","","Heat & Pressure","","","","","","","","","","Unknown","","","","","",
"265672449627","308147","Bracelet","Julio Designs","Beaded,Charm","Multicolor","Multicolor","European","","","Amazonite","Amazonite","6","","Bohemian","","","","","United States","","","United States","","","7.5 in","","","","","","","","","","","","","","","","","","","","",
"265672472412","308148","Bracelet","Julio Designs","Beaded,Charm","Multicolor","Multicolor","European","","","Amazonite","Amazonite","6","","Bohemian","","","","","United States","","","United States","","","7.5 in","","","","","","","","","","","","","","","","","","","","",
"264367666290","115881","watch","Mitaki","Sports","","","","","","","","","","Sports","","","","","Japan","","","Japan","","","","","","","","","","","","","","","","","","","","","","Men-Digital-Sport-Watch","",
