Item Id,SKU,Size,Brand,Style,Cup Size,Band Size,Type,Features,Underwire Type,Pattern,Color,Fabric Type,Accents,Character,Strap Type,Product Line,Theme,Material,Opacity,Personalize,Size Type,Department,Closure,Vintage,Country/Region of Manufacture,Garment Care,California Prop 65 Warning,Model,MPN,Personalization Instructions,
"254735024715","301934","S/M","Unbranded","Bralette","","XL","Bra","","","Solid","Blue","","Strap","Blue","CrissCross","","Sports","100% Nylon","","","Regular","Women","","","","","","","","",
"265721454555","301934",,"Zenana Outfitters","Bralette","32A 32B 32C 34A 34B 34C 34D 36A & 36B","One Size","Bra","Triple Criss Cross","","Criss Cross","Denim Blue","92% Nylon, 8% Spandex","Triple Criss Cross","Sports Bra","Spaghetti","","Sports","Nylon Blend","","","Regular","Women","","","","","","","","",
"265721454555","301934SM","S/M",,,,,,,,,,,,,,,,,,,,,,,,,,,,,
"265721454555","301934ML","M/L",,,,,,,,,,,,,,,,,,,,,,,,,,,,,
"254728304057","302042",,"Generic","High Neck Keyhole Stretch Lace Bralette","Small, Medium, Large and Extra Large","Small, Medium, Large and Extra Large","Bralette Sheer","Lined","Underwired","Floral","Denim Blue, Wine and Ash Mint","Lace","Lace","Lace Bralettes","Racerback","Lace Bralettes","","Nylon","Sheer","","Regular","Women","","","","","","","Set-of-3-High-Neck-Keyhole","",
"254728304057","302046","XL",,,,,,,,,,,,,,,,,,,,,,,,,,,,,
"254728304057","302045","L",,,,,,,,,,,,,,,,,,,,,,,,,,,,,
"254728304057","302044","M",,,,,,,,,,,,,,,,,,,,,,,,,,,,,
"254728304057","302043","S",,,,,,,,,,,,,,,,,,,,,,,,,,,,,
