Item Id,SKU,Dog Size,Type,Nominal Crate Size (Length),Material,Brand,Dog Breed,Custom Bundle,Model,Bundle Description,MPN,Modified Item,Modification Description,Country/Region of Manufacture,California Prop 65 Warning,
"265731269905","PTE5850","","Pet Crates, Carriers, and Enclosures","","","Petedge","","","","","US9895 30 12","","","","",
"255576440277","PTE6235","","Pet Crates, Carriers, and Enclosures","","Steel","Petedge","","","","","ZW5224 24","","","","",
"255576432583","ZX9TRVAL66725","","Pet Crates, Carriers, and Enclosures","","","FeedingTime","","","","","FE30253","","","","",
"255576437057","PTE6557","","Pet Crates, Carriers, and Enclosures","","","Cruising Companion","","","","","US9895 24 12","","","","",
"255576436166","ZX9MERRY1190","","Pet Crates, Carriers, and Enclosures","","","Noah&apos;s Ark","","","","","NO1826670","","","","",
"265731262901","ZX9JWT114","","Pet Crates, Carriers, and Enclosures","","","DaretoCare","","","","","DA5666","","","","",
"255576436895","ICPT819","","Pet Crates, Carriers, and Enclosures","","","Iconic Pet","","","","","92144","","","","",
"265731264932","ICPT821","","Pet Crates, Carriers, and Enclosures","","","Iconic Pet","","","","","92145","","","","",
"265731255439","ZX9JEWC055","","Pet Crates, Carriers, and Enclosures","","","FeedingTime","","","","","FE13391","","","","",
"265731265478","MERRY1143","","Pet Crates, Carriers, and Enclosures","","","Merry Products","","","","","PTH0692021710","","","","",
"265731269819","HRZND7291","","Pet Crates, Carriers, and Enclosures","","Plastic","Miller Manufacturing","","","","","405073156","","","","",
"265620549826","PETED1963","S","Pet Crates, Carriers, and Enclosures","","","Pet Pals","","","","","ZA411 28","","","","",
"255576431300","PETED6471","","Pet Crates, Carriers, and Enclosures","","","Pet Pals","","","","","ZW5202 24 17","","","","",
"255576436444","PETED6495","S","Pet Crates, Carriers, and Enclosures","","","Pet Pals","","","","","ZW5312 11","","","","",
"255576436597","PETED6504","S","Pet Crates, Carriers, and Enclosures","","Steel","Pet Pals","","","","","ZW5520 87","","","","",
"265731254750","ZX9PTQN009","","Pet Crates, Carriers, and Enclosures","","","PetPride","","","","","PE1602772","","","","",
"265731255090","ZX9PTE6235","","Pet Crates, Carriers, and Enclosures","","Steel","FlyFree","","","","","FL1851113","","","","",
"265731260512","ZX9PETED6473","","Pet Crates, Carriers, and Enclosures","","","PamperedPets","","","","","PA1613783","","","","",
"265731268538","PETED12608","S","Pet Crates, Carriers, and Enclosures","","","Proselect","","","","","ZW5202 24 11","","","","",
"255576438935","PTE8522","","Pet Crates, Carriers, and Enclosures","","Steel","Proselect","","","","","ZW5224 42","","","","",
"265620559675","PETED20730","","Pet Crates, Carriers, and Enclosures","","","Proselect","","","","","ZW726 12","","","","",
"255576439748","PTE9084","","Pet Crates, Carriers, and Enclosures","","Steel","Proselect","","","","","ZW8652 42","","","","",
"265731270448","PTE8203","","Pet Crates, Carriers, and Enclosures","","","Proselect","","","","","ZW8965 30 87","","","","",
"255576430514","ZX9PETED6504","S","Pet Crates, Carriers, and Enclosures","","Steel","PamperedPets","","","","","PA1859239","","","","",
"265731263326","ZX9MERRY1143","","Pet Crates, Carriers, and Enclosures","","","Go-Fish","","","","","GO1826669","","","","",
"265731265875","ZX9DGPT031","","Pet Crates, Carriers, and Enclosures","","","Beloved","","","","","BE60420","","","","",
"255576439953","ZX9DGPT030","","Pet Crates, Carriers, and Enclosures","","","Beloved","","","","","BE60419","","","","",
"265620563400","YMLG2204","","Pet Crates, Carriers, and Enclosures","","","YML","","","","","SA30G","","","","",
