Item Id,SKU,Type,Calendar Year,Brand,MPN,Model,Custom Bundle,Bundle Description,Modified Item,Modification Description,California Prop 65 Warning,Country/Region of Manufacture,
"255437769318","SPRCH62889","Office Accessories","","At A Glance","AAGPM628","","","","","","","",
"265735820864","ANGLO1028","Office Accessories","2019","Hazet","HZSANTATOOLS2019","","","","","","","",
"255581145048","ACHR23296","Office Accessories","2017","Old Farmers Almanac","9229485","","","","","","","",
"265735732297","ACHR23295","Office Accessories","2017","Old Farmers Almanac","9229410","","","","","","","",
"255437750276","SPRCH42142","Office Accessories","","Quartet","CMP32P2","","","","","","","",
"265735860068","SPRCH42143","Office Accessories","","Quartet","CP32P2","","","","","","","",
