Item Id,SKU,Type,Brand,Dog Size,Custom Bundle,Model,Bundle Description,MPN,Modified Item,Modification Description,Country/Region of Manufacture,California Prop 65 Warning,
"255461961770","ZX9CRSN015","Pet Crates, Carriers, and Enclosures","PetPal","","","","","PE257774","","","","",
"255461997271","ZX9PTE5237","Pet Crates, Carriers, and Enclosures","FlyFree","","","","","FL1854074","","","","",
"255461963245","BCI09065","Pet Crates, Carriers, and Enclosures","Dare Products","","","","","831925","","","","",
"255576430609","DYAC1248","Pet Crates, Carriers, and Enclosures","Dynamic Accents","","","","","DA802","","","","",
"255576435989","EPET3619","Pet Crates, Carriers, and Enclosures","Essential Pet Products","","","","","42222","","","","",
"265620571163","ODSH5577","Pet Crates, Carriers, and Enclosures","Frisky Friends","","","","","5322","","","","",
"265731258777","ZX9EPET3619","Pet Crates, Carriers, and Enclosures","PetPride","","","","","PE1542761","","","","",
"255461994688","ZX9GRAIN244","Pet Crates, Carriers, and Enclosures","PetPal","","","","","PE73623","","","","",
"265620568980","PETED2520","Pet Crates, Carriers, and Enclosures","Pet Pals","S","","","","ZW121 30","","","","",
