Item Id,SKU,Type,Material,Brand,Color,Custom Bundle,Model,Bundle Description,MPN,Modified Item,Modification Description,Country/Region of Manufacture,California Prop 65 Warning,
"265731254166","ZX9MERRYRL003","Pet Crates, Carriers, and Enclosures","","Go-Fish","","","","","GO14121","","","","",
"265731269655","ZX9MERRY095","Pet Crates, Carriers, and Enclosures","","Go-Fish","White","","","","GO375549","","","","",
"255576440191","ZX9MERRY094","Pet Crates, Carriers, and Enclosures","","Go-Fish","White","","","","GO380785","","","","",
"265620542295","GNPT022","Pet Crates, Carriers, and Enclosures","","Gen7Pets","Gray","","","","G1020GS","","","","",
"255576431496","MERRYRL003","Pet Crates, Carriers, and Enclosures","","Merry Products","","","","","PH0101751800","","","","",
"265731266475","MERRY094","Pet Crates, Carriers, and Enclosures","","Merry Products","White","","","","PTH0231720100","","","","",
"265731271381","MERRY095","Pet Crates, Carriers, and Enclosures","","Merry Products","White","","","","PTH0241720100","","","","",
"255576436083","ZX9PVPP100","Pet Crates, Carriers, and Enclosures","","Go-Fish","","","","","GO117518","","","","",
"255461973907","PTLF3818","Pet Crates, Carriers, and Enclosures","","Touchcat","","","","","B101WHMD","","","","",
"255461994748","PTLF3814","Pet Crates, Carriers, and Enclosures","","Touchcat","","","","","PB81KHMD","","","","",
"265620562499","PTLF3980","Pet Crates, Carriers, and Enclosures","","Touchdog","","","","","B58BLMD","","","","",
"255461978067","PTLF3979","Pet Crates, Carriers, and Enclosures","","Touchdog","","","","","B58YLMD","","","","",
