Item Id,SKU,Brand,Features,Color,MPN,Custom Bundle,Model,Bundle Description,Modified Item,Modification Description,Country/Region of Manufacture,California Prop 65 Warning,
"265620510827","SPRCH89951","Impact Products","","","IMP1170","","","","","","","",
"255461899952","LGSE4543","Koala Kare","","","KKP KB150-99","","","","","","","",
"265620509467","LGSE6959","Koala Kare","","","KKP KB200-00","","","","","","","",
"255461953439","LGSE10917","Koala Kare","","Gray","KKP KB200-01","","","","","","","",
"265854492923","ORBL1153","Orbelle Trading Inc","","","3143ES","","","","","","","",
