Item Id,SKU,Type,Brand,Material,Color,Features,MPN,Bundle Description,California Prop 65 Warning,Country/Region of Manufacture,Custom Bundle,Item Height,Item Length,Item Weight,Item Width,Manufacturer Warranty,Model,
"265634136391","ZX9TRVAL108471","Bulbs","FeeltheGlow","","","","FE1647425","","","","","","","","","","",
"255471779849","ZX9TRVAL103344","Bulbs","BrightBomb","","","","BR134827","","","","","","","","","","",
"255471800904","ZX9PETRA30127","Bulbs","Radiant","","Black","","RA1886354","","","","","","","","","","",
"265632745924","JESC9485","Bulbs","Jesco Lighting","","","","MH60R-100-E1","","","","","","","","","","",
"255474863282","TRVAL108471","Bulbs","Plaskolite","","","","212961","","","","","","","","","","",
