Item Id,SKU,Function,Scent,Surface/Appliance,Brand,MPN,Model,Custom Bundle,Bundle Description,Modified Item,Modification Description,California Prop 65 Warning,Country/Region of Manufacture,
"265290274867","307182","","","","Bactive","Disinfecting-Wipes-20-Pack","","","","","","","",
"265336515344","307792","Disinfectant & Antibacterial Solution,Sanitizer & Bacterial Reduction","Pacific Breeze & Coconut","Multi-Surface","Clorox","Disinfecting Wipes","75 Disinfectant wet wipes","","","","","","United States",
"264884242561","304497","Disinfectant & Antibacterial Solution","Lemon","Multi-Surface","Clorox","Disinfecting Wipes","15 Disinfectant wet wipes","No","","","","","United States",
"254977535447","304497","Sanitizer & Bacterial Reduction","Citrus","Multi-Surface","Clorox","Disinfecting-Wipes","","","","","","","",
"255111393300","307680","","","","Clorox","Disinfecting-Wipes-(Twin-Pack)","","","","","","","",
"265271298362","307680","Disinfectant & Antibacterial Solution","Lemon","Multi-Surface","Clorox","Travel Pack 15ct","15 Disinfectant wet wipes","","","","","","United States",
"254856069088","307181","Sanitizer & Bacterial Reduction","Fresh Scent","Multi-Surface","Clorox","Clorox Disinfecting Wipes","","","","","","","",
"255111391906","307181","Disinfectant & Antibacterial Solution","Fresh","Multi-Surface","Clorox","Disinfecting Wipes","","","","","","","",
"255110894539","307650","","","","Lysol","Disinfecting-Wipes","","","","","","","",
"255051067279","307196","","Citrus","","Lysol","Disinfecting-Wipes-(2-Pack)","","","","","","","",
"265083105762","307196","Disinfectant & Antibacterial Solution,Sanitizer & Bacterial Reduction","Citrus","Multi-Surface,Dish & Dishwasher,Monitor & Television,Fiberglass,Grill, Range & Oven","Lysol","Disinfecting Wipes","Disinfectant Wipes","","","","","","",
"265188263145","307428","Disinfectant & Antibacterial Solution","Lemon","Multi-Surface","Lysol","Travel Pack 15ct","15 Disinfectant wet wipes","","","","","","United States",
"265078065091","307186","Disinfectant & Antibacterial Solution,Sanitizer & Bacterial Reduction","Citrus","Multi-Surface,Dish & Dishwasher,Monitor & Television,Fiberglass,Grill, Range & Oven","Lysol","Disinfecting Wipes","Disinfectant Wipes","","","","","","",
"255110893905","307186","","Citrus","","Lysol","19200-81700","Lysol 19200-81700","","","","","","",
"265025002033","307173","Disinfectant & Antibacterial Solution","Lemon & Lime Blossom Scent","Multi-Surface","Lysol","Disinfecting Wipes","80 Disinfectant wet wipes","","","","","","Unknown",
"265287173299","307173","Disinfectant & Antibacterial Solution","Lemon and Lime","Multi-Surface","Lysol","Disinfecting Wipes","","","","","","","",
"265068524907","307184","Disinfectant & Antibacterial Solution,Sanitizer & Bacterial Reduction","Lemon & Lime Blossom","Multi-Surface","Lysol","Disinfecting Wipes","15 Disinfectant wet wipes","","","","","","United States",
"265287173503","307184","","","","Lysol","Disinfecting-Wipes","","","","","","","",
"255110895910","304504","","","","Generic","Radiance-Disinfectant-Wipes","","","","","","","",
"254741949875","304504","Disinfectant & Antibacterial Solution","Lemon","Multi-Surface","Radiance","Radiance-Disinfectant-Wipes","Disinfectant Wipes","","","","","","United States",
"254742277059","304503","Disinfectant & Antibacterial Solution","Lemon","Multi-Surface","Radiance","Radiance-Disinfectant-Wipes","75 pack","","","","","","United States",
"265287663966","304503","","","","Generic","Radiance-Disinfectant-Wipes","","","","","","","",
"265041926422","307182","Disinfectant & Antibacterial Solution,Sanitizer & Bacterial Reduction","Unscented","Multi-Surface","Bactive Disinfectant Wipes","Disinfecting Wipes - Scent Free","20 Disinfectant wet wipes","","","","","","",
