Item Id,SKU,Brand,Type,Outer Shell Material,Size,Style,Size Type,Fabric Type,Theme,Color,Accents,Features,Lining Material,Pattern,Department,Insulation Material,Jacket/Coat Length,Season,Character,Closure,Model,Occasion,Country/Region of Manufacture,Sleeve Length,Fit,Vintage,Personalize,Handmade,Garment Care,California Prop 65 Warning,MPN,Personalization Instructions,
"255843788536","308255","Unbranded","Coat","Faux Fur","S,M,L,XL,","Teddy Jacket","Regular","Sherpa","winter teddy","Brown","No zip teddy","Hooded,Lightweight,Open,Pockets","Polyester","Solid","Women","Polyester","Short","Winter","Urban Fashion","Open","Teddy Coat","Casual","Unknown","Long Sleeve","Regular","No","No","No","Machine Washable","","Does not apply","",
"265979881538","308620","Unbranded","Coat","Polyester","Variants","Overcoat","Regular","faux fur","cow","Black","Fur Trim","Pockets","Polyester","cow animal print","Women","Polyester","Short","Autumn","Cowgirl","Zip","animal print jackets","Business,Casual,Formal,Party/Cocktail,Travel","China","Long Sleeve","Classic","No","No","No","Hand Wash","","cow-print-jacket-black","",
"255796731299","308437","Unbranded","Coat","Polyester","Variants","Overcoat","Regular","faux fur","cow","white brown","Fur Trim","Pockets","Polyester","cow animal print","Women","Polyester","Short","Autumn","Cowgirl","Zip","animal print jackets","Other,Travel,Back To The Basics","","Long Sleeve","Classic","No","No","No","Hand Wash","","cow-print-jacket-brown","",
"255874344163","308620","Unbranded","Jacket","Polyester","Variants","Basic Jacket","Regular","faux fur","cow","Black","Fur Trim","Pockets","Polyester","Cow Print","Women","Polyester","Short","Spring","Cowgirl","Zip","animal print jackets","Business,Casual,Formal,Party/Cocktail,Travel","China","Long Sleeve","Classic","No","No","No","Hand Wash","","cow-print-jacket-black","",
"264681473601","117022","Giovanni Navarre","Jacket","Faux Leather",,"Night Out Jacket","Regular","Faux Leather","studded","Black","Studded,Zipper","Collared,Lined,Pockets","Polyester","Solid","Women","Polyester","26.5","Fall,Spring,Winter","Ladies Jacket","Zip","Studded Jacket","Party/Cocktail","","","Regular","No","","","","","","",
"264681473601","116045",,,,"XL",,,,,,,,,,,,,,,,,,,,,,,,,,,,
"264681473601","116044",,,,"M",,,,,,,,,,,,,,,,,,,,,,,,,,,,
"264681473601","116043",,,,"L",,,,,,,,,,,,,,,,,,,,,,,,,,,,
"264681473601","116042",,,,"2X",,,,,,,,,,,,,,,,,,,,,,,,,,,,
"254553412292","118131","Giovanni Navarre","Vest","Faux Leather",,"Fashion Jacket","Regular","Faux Leather","Studded Vest","Black","Studded","All Seasons,Pockets,Full Zip","Polyester","Solid","Women","Polyester","Short","Fall,Spring,Winter","Fashion Jacket","Zip","","Casual","","","Regular","","","","","","","",
"254553412292","116293",,,,"XL",,,,,,,,,,,,,,,,,,,,,,,,,,,,
"254553412292","116292",,,,"M",,,,,,,,,,,,,,,,,,,,,,,,,,,,
"254553412292","116291",,,,"L",,,,,,,,,,,,,,,,,,,,,,,,,,,,
"254553412292","116290",,,,"2X",,,,,,,,,,,,,,,,,,,,,,,,,,,,
"254553411129","117082","Ladies","Jacket","Leather",,"Motorcycle Jacket","Regular","","Live To Ride","Black","Zipper","Full Zip","Leather","Solid","Women","","Short","Fall,Spring,Winter","Live to Ride","Zip","","Travel","","","Regular","Yes","","","","","","",
"254553411129","116054",,,,"XL",,,,,,,,,,,,,,,,,,,,,,,,,,,,
"254553411129","116053",,,,"S",,,,,,,,,,,,,,,,,,,,,,,,,,,,
"254553411129","116052",,,,"M",,,,,,,,,,,,,,,,,,,,,,,,,,,,
"254553411129","116051",,,,"L",,,,,,,,,,,,,,,,,,,,,,,,,,,,
"254553411129","116050",,,,"3X",,,,,,,,,,,,,,,,,,,,,,,,,,,,
"254631963525","115822","Rocky Mountain Hides","Jacket","Leather",,"Motorcycle Jacket","Regular","Leather","Motorcycle","Black","snap buttons","snap down collar","Leather","Solid","Women","","variable","Fall,Spring,Winter","Bikers","Snap","","","","","Regular","","","","","","","",
"254631963525","115770",,,,"XL",,,,,,,,,,,,,,,,,,,,,,,,,,,,
"254631963525","115769",,,,"M",,,,,,,,,,,,,,,,,,,,,,,,,,,,
"254631963525","115768",,,,"L",,,,,,,,,,,,,,,,,,,,,,,,,,,,
"254631963525","115767",,,,"3X",,,,,,,,,,,,,,,,,,,,,,,,,,,,
"254631963525","115766",,,,"2X",,,,,,,,,,,,,,,,,,,,,,,,,,,,
"255177585174","307798","Unbranded","Jacket","Vegan Leather",,"Motorcycle Jacket",,"vegan leather","Elegant","Dark Red","Buckle","All Seasons,Belted,Collared,Full Zip","Polyester","Solid","Women","vegan leather","Short","Fall,Spring,Winter","Urban Moto Jacket","Buckle,Button,Zip","Moto Jacket","Party/Cocktail","Unknown","Long Sleeve","Classic","No","No","No","Dry Clean Only","","","",
"255177585174","307799",,,,"S",,"Regular",,,,,,,,,,,,,,,,,,,,,,,,,,
"255177585174","307800",,,,"M",,"Regular",,,,,,,,,,,,,,,,,,,,,,,,,,
"255177585174","307801",,,,"L",,"Regular",,,,,,,,,,,,,,,,,,,,,,,,,,
"255177585174","307802",,,,"XL",,"Regular",,,,,,,,,,,,,,,,,,,,,,,,,,
"255853567800","324995","Unbranded","Jacket","Polyester","3XL","vest","Regular","Microfiber","Buffalo Print","Red Black","Buttons","Pockets","Polyester","Plaid","Women","Polyester","Short","Spring","Urban fashion","Button","Buffalo Plaid Jackets","Business,Casual,Formal,Party/Cocktail,Travel,Workwear","China","Sleeveless","Classic","No","No","No","Machine Washable","","Buffalo Plaid","",
"255853628534","324996","Unbranded","Jacket","Polyester","S,M,L,XL,2XL,3XL","vest","Regular","Microfiber","Buffalo Print","Black,White,","Buttons","Lightweight,Pockets,Reversible","Polyester","Plaid","Women","Polyester","Short","Spring","Urban fashion","Button","Buffalo Plaid Jackets","Business,Casual,Formal,Party/Cocktail,Travel,Workwear","China","Sleeveless","Classic","No","No","No","Machine Washable","","Buffalo Plaid","",
"254756001184","304831","Generic","Blazer","Cotton",,"Plus Size Blazer for Women","Plus","Broadcloth","Plus Size Blazer","Blue","Open Front Wavy Design","All Seasons,Collared","Polyester","Solid","Women","Polyester","Short","Fall,Spring,Winter","Plus Size Office Blazer","Open Front","Blue Blazers","Formal","","3/4 Sleeve","Classic","No","No","No","Hand Wash Only","","Plus-Size-Blue-Blazer","",
"254756001184","304834",,,,"4XL",,,,,,,,,,,,,,,,,,,,,,,,,,,,
"254756001184","304833",,,,"3XL",,,,,,,,,,,,,,,,,,,,,,,,,,,,
"254756001184","304832",,,,"2XL",,,,,,,,,,,,,,,,,,,,,,,,,,,,
"254756001184","307940",,,,"5XL",,,,,,,,,,,,,,,,,,,,,,,,,,,,
"264908445746","304835","Generic","Jacket","Polyester",,"Puffer Jacket for Women","Regular","Fleece","Purple Puffer Jacket","Blue","Zipper","Full Zip,Lightweight","Polyester","Solid","Women","Polyester","Short","Fall,Spring,Winter","Puffer Quilted Jacket","Zip","","Casual","","","Regular","No","","","","","Puffer-Jacket-for-Women","",
"264908445746","304838",,,,"2XL",,,,,,,,,,,,,,,,,,,,,,,,,,,,
"264908445746","304837",,,,"XL",,,,,,,,,,,,,,,,,,,,,,,,,,,,
"264908445746","304836",,,,"L",,,,,,,,,,,,,,,,,,,,,,,,,,,,
"264908446070","304826","Generic","Jacket","Polyester",,"Trendy Short Hooded Winter Jacket","S, M, L, XL","short hooded winter jacket","Puffer Jacket","Burgundy","Quilted","Full Zip","Polyester","Quilted - Solid","Women","Down","Short","Fall,Spring,Winter","Professional Looking","Zip","Quilted Jackets","Formal","China","Long Sleeve","Regular","No","No","No","Dry Clean Only","","quilted-jacket-burgundy","",
"264908446070","304829",,,,"L",,,,,,,,,,,,,,,,,,,,,,,,,,,,
"264908446070","304830",,,,"XL",,,,,,,,,,,,,,,,,,,,,,,,,,,,
"264908446070","304828",,,,"M",,,,,,,,,,,,,,,,,,,,,,,,,,,,
"264908446070","304827",,,,"S",,,,,,,,,,,,,,,,,,,,,,,,,,,,
"255843715300","308255","Unbranded","Coat,Jacket","Polyester,Cotton","S M L XL","Basic Jacket","Regular","Fleece","Bohemian,Hip Hop","Brown","hooded","Hooded,Thermal","Polyester","Solid","Women","Polyester","Mid-Length","Spring,Winter","","Zip","","Casual,Travel,Workwear","","Long Sleeve","Relaxed","No","No","No","Hand Wash Only","","Does Not Apply","",
"255351516522","307977","Unbranded","Blazer","Polyester",,"Modern",,"polyester","color gradient","Multicolor","Zipper","color gradients","Polyester","color block","Women","Polyester","Short","Fall,Spring,Winter","fashion coat blazer","Zip","Color Gradient Blazer","Casual","","","","","","","","","","",
"255351516522","307978",,,,"S",,"Regular",,,,,,,,,,,,,,,,,,,,,,,,,,
"255351516522","307979",,,,"M",,"Regular",,,,,,,,,,,,,,,,,,,,,,,,,,
"255351516522","307980",,,,"L",,"Regular",,,,,,,,,,,,,,,,,,,,,,,,,,
"255351516522","307981",,,,"XL",,"Regular",,,,,,,,,,,,,,,,,,,,,,,,,,
"255351516522","307982",,,,"2XL",,"Regular",,,,,,,,,,,,,,,,,,,,,,,,,,
"255813743728","308437","Unbranded","Coat","Polyester","Variants","Overcoat","Regular","Sherpa,Faux Fur,","cow","white brown","Fur Trim","Pockets","Sherpa","cow animal print","Women","Polyester","Short","Autumn","Cowgirl","Zip","country western sherpa","Other,Travel,Back To The Basics","China","Long Sleeve","Classic","No","No","No","Hand Wash","","cow-print-jacket-brown","",
"265958563236","308451","Gigio","Jacket","Polyester","Variants","3-in-1 Jacket","Regular","faux fur","Leopard","Brown Cream","Fur Trim","Pockets","Polyester","Leopard","Women","Polyester","Short","Autumn","leopard","Zip","animal print jackets","Casual","","Long Sleeve","Classic","No","No","No","Dry Clean Only","","leopard-print-jacket","",
"266023112180","304822","Unbranded","Coat","Polyester","Variants","Overcoat","Regular","faux fur","Leopard","Brown","Fur Trim","Pockets","Polyester","Leopard","Women","Polyester","Short","Autumn","leopard","Open","animal print jackets","Other,Travel,Back To The Basics","China","Long Sleeve","Classic","No","No","No","Hand Wash","","leopard-print-jacket","",
"265931250399","304822","Unbranded","Coat","Polyester","Variants","Overcoat","Regular","faux fur","Leopard","Brown","Fur Trim","Pockets","Polyester","Leopard","Women","Polyester","Short","Autumn","leopard","Open Front","animal print jackets","Other,Travel,Back To The Basics","China","Long Sleeve","Classic","No","No","No","Hand Wash","","leopard-print-jacket","",
"265416777230","307945","Unbranded","Coat","Polyester",,"Trench Coat",,"Flannel","Fashion Coat","Mustard","slim fashion coat","Collared","Polyester","Solid","Women","Polyester","Mid-Length","Fall,Spring,Winter","fashion coat","open front","","Formal","","","","","","","","","","",
"265416777230","307946",,,,"M",,"Regular",,,,,,,,,,,,,,,,,,,,,,,,,,
"265416777230","307947",,,,"L",,"Regular",,,,,,,,,,,,,,,,,,,,,,,,,,
"265416777230","307948",,,,"XL",,"Regular",,,,,,,,,,,,,,,,,,,,,,,,,,
"265416777230","307949",,,,"2XL",,"Regular",,,,,,,,,,,,,,,,,,,,,,,,,,
"254854325222","304835","Puffer Jacket","Jacket","Polyester",,"Winter Short Coat","Regular","Microfiber","Purple Puffer Jacket","Purple","puffer","Full Zip,Lightweight,Padded","Polyester","Solid","Women","Polyester","Short","Fall,Spring,Winter","Puffer Jacket","Zip","Women's Puffer Jacket","Casual","","","Regular","No","","","","","Puffer-Jacket-for-Women","",
"254854325222","304838",,,,"2XL",,,,,,,,,,,,,,,,,,,,,,,,,,,,
"254854325222","304837",,,,"XL",,,,,,,,,,,,,,,,,,,,,,,,,,,,
"254854325222","304836",,,,"L",,,,,,,,,,,,,,,,,,,,,,,,,,,,
"264879831802","304468","Generic","Jacket","Polyester",,"Hooded Jacket / Vest with side pockets","Plus Size","Down","Outdoor","Dusty Rose","Hoodie","Bodywarmer,Hooded","Cotton","Solid","Women","Down","Mid-Length","Fall,Spring,Winter","Plus Size","Open Front","","Casual","","","","No","","","","","Women's-Plus-Size-Hooded-Jacket-Vest","",
"264879831802","304471",,,,"3XL",,,,,,,,,,,,,,,,,,,,,,,,,,,,
"264879831802","304470",,,,"2XL",,,,,,,,,,,,,,,,,,,,,,,,,,,,
"264879831802","304469",,,,"1XL",,,,,,,,,,,,,,,,,,,,,,,,,,,,
"255834753542","308586","Unbranded","Jacket","Polyester","2XL","sherpa jacket","Regular","Faux fur","Leopard Print","Brown","pockets","Collared,Pockets","Polyester","Leopard Print","Women","Polyester","Short","Fall,Spring,Winter","leopard print teddy","Button","leopard-print-teddy-brown","Business,Casual,Formal,Travel,Workwear","China","Long Sleeve","Classic","No","No","No","Dry Clean Only","","leopard-print-teddy-brown","",
"255809677441","308586","BLUEVELVET","Jacket","sherpa","Variants","Teddy Jacket","Regular","sherpa","Leopard","Brown","Fur Trim","Pockets","Polyester","Leopard","Women","Polyester","Short","Spring","leopard","Button","animal print jackets","Business,Casual,Formal,Party/Cocktail,Travel","China","Long Sleeve","Classic","No","No","No","Hand Wash","","leopard-print-jacket","",
"265416741372","307941","Unbranded","Coat","Polyester",,"Trench Coat",,"Microfiber","Outdoor","Navy Blue","Button","Collared","Polyester","Solid","Women","Polyester","Mid-Length","Winter","ladies coat","Button","","Formal","","","","No","","","","","","",
"265416741372","307942",,,,"M",,"Regular",,,,,,,,,,,,,,,,,,,,,,,,,,
"265416741372","307943",,,,"L",,"Regular",,,,,,,,,,,,,,,,,,,,,,,,,,
"265416741372","307944",,,,"XL",,"Regular",,,,,,,,,,,,,,,,,,,,,,,,,,
"265958164832","308447","Lush","Coat","Polyester","Variants","Overcoat","Regular","faux fur","Leopard","Brown","Fur Trim","Pockets","Polyester","Leopard","Women","Polyester","Short","Autumn","leopard","Button","animal print jackets","Other,Travel,Back To The Basics","","Long Sleeve","Classic","No","No","No","Hand Wash","","leopard-print-coat","",
"255816039793","308447","Lush","Coat","Polyester","Variants","Overcoat","Regular","faux fur","Leopard","Brown","Fur Trim","Pockets","Polyester","Leopard","Women","Polyester","Mid-Length","Autumn","leopard","Button","leopard print coat","Winter Coat","Unknown","Long Sleeve","Classic","No","No","No","Hand Wash","","leopard-print-coat","",
"255232181441","307936","Unbranded","Coat","Polyester Blend",,"Long Coat",,"worsted","women's coat","Green","Button","Belted,Collared","Polyester","Solid","Women","Polyester","Mid-Length","Winter","Women's Coat","Button","","Formal","","","","","","","","","","",
"255232181441","307937",,,,"XL",,"Regular",,,,,,,,,,,,,,,,,,,,,,,,,,
"255232181441","307938",,,,"2XL",,"Regular",,,,,,,,,,,,,,,,,,,,,,,,,,
"255232181441","307939",,,,"3XL",,"Regular",,,,,,,,,,,,,,,,,,,,,,,,,,
