Item Id,SKU,Brand,Type,Size,Style,Outer Shell Material,Size Type,Fabric Type,Color,Lining Material,Insulation Material,Theme,Features,Pattern,Accents,Department,Performance/Activity,Model,Product Line,Closure,Season,Character,Country/Region of Manufacture,Jacket/Coat Length,Fit,Occasion,Vintage,Warmth Weight,Collar Style,Personalize,Handmade,Garment Care,Chest Size,California Prop 65 Warning,MPN,Personalization Instructions,
"254631963761","115854","Rocky Mountain Hides","Jacket",,"Motorcycle Jacket","Leather","Regular","","Black","Leather","","Classic","Belted,Collared,Full Zip","Solid","Zipper","Men","Riding","","","Zip","","","","","Classic","Casual,Travel","","","","","","","","","","",
"254631963761","115775",,,"XL",,,,,,,,,,,,,,,,,,,,,,,,,,,,,,,,,
"254631963761","115774",,,"M",,,,,,,,,,,,,,,,,,,,,,,,,,,,,,,,,
"254631963761","115773",,,"L",,,,,,,,,,,,,,,,,,,,,,,,,,,,,,,,,
"254631963761","115772",,,"3X",,,,,,,,,,,,,,,,,,,,,,,,,,,,,,,,,
"254631963761","115771",,,"2X",,,,,,,,,,,,,,,,,,,,,,,,,,,,,,,,,
"254553411751","118038","Diamond Plate","Vest",,"Motorcycle Jacket","Leather","Regular","Leather","Black","Polyester","Polyester","Embroidered Patches","All Seasons","Solid","Patches","Men","Riding","","Biker's Vest","Button,Lace Up","","Buffalo Leather","","","Regular","Casual,Travel","Yes","","","","","","","","","",
"254553411751","116211",,,"XL",,,,,,,,,,,,,,,,,,,,,,,,,,,,,,,,,
"254553411751","116210",,,"S",,,,,,,,,,,,,,,,,,,,,,,,,,,,,,,,,
"254553411751","116209",,,"M",,,,,,,,,,,,,,,,,,,,,,,,,,,,,,,,,
"254553411751","116208",,,"L",,,,,,,,,,,,,,,,,,,,,,,,,,,,,,,,,
"254553411751","116203",,,"3X",,,,,,,,,,,,,,,,,,,,,,,,,,,,,,,,,
"254553411751","116202",,,"2X",,,,,,,,,,,,,,,,,,,,,,,,,,,,,,,,,
"254553411332","117353","Diamond Plate","Jacket",,"Motorcycle Jacket","Leather","Regular","","Black","Polyester","Polyester","Biker","Belted,Collared","Solid","Buckle","Men","Riding","Rock Design","","Buckle,Button,Snap,Zip","Fall,Spring,Winter","","","","Regular","Business,Casual,Formal,Travel","","","","","","","","","","",
"254553411332","116108",,,"XL",,,,,,,,,,,,,,,,,,,,,,,,,,,,,,,,,
"254553411332","116107",,,"S",,,,,,,,,,,,,,,,,,,,,,,,,,,,,,,,,
"254553411332","116105",,,"M",,,,,,,,,,,,,,,,,,,,,,,,,,,,,,,,,
"254553411332","116099",,,"L",,,,,,,,,,,,,,,,,,,,,,,,,,,,,,,,,
"254553411332","116093",,,"2X",,,,,,,,,,,,,,,,,,,,,,,,,,,,,,,,,
"254553411332","",,,"XS",,,,,,,,,,,,,,,,,,,,,,,,,,,,,,,,,
"264771824378","116391","Diamond Plate","Jacket",,"Motorcycle Jacket","Leather","Regular","","Black","Polyester","Polyester","Motorcycle","Full Zip","Solid","Embroidered,Zipper","Men","Riding","","","Zip","Fall,Spring,Winter","","","","Regular","Business,Casual,Formal,Travel","","","","","","","","","","",
"264771824378","115981",,,"XL",,,,,,,,,,,,,,,,,,,,,,,,,,,,,,,,,
"264771824378","115980",,,"S",,,,,,,,,,,,,,,,,,,,,,,,,,,,,,,,,
"264771824378","115979",,,"M",,,,,,,,,,,,,,,,,,,,,,,,,,,,,,,,,
"264771824378","115978",,,"L",,,,,,,,,,,,,,,,,,,,,,,,,,,,,,,,,
"264771824378","115976",,,"3X",,,,,,,,,,,,,,,,,,,,,,,,,,,,,,,,,
"264771824378","115975",,,"2X",,,,,,,,,,,,,,,,,,,,,,,,,,,,,,,,,
"264681474376","118040","Diamond Plate","Vest",,"Biker","Leather","Regular","Leather","Black","Leather","","Bikers Vest","Buttoned","Solid","Embroidered","Men","Travel","Biker Vest 42 Patches","Biker Vest","Button","Fall,Spring,Winter","","","","Regular","Casual,Travel","","","","","","","","","","",
"264681474376","116221",,,"XL",,,,,,,,,,,,,,,,,,,,,,,,,,,,,,,,,
"264681474376","116220",,,"M",,,,,,,,,,,,,,,,,,,,,,,,,,,,,,,,,
"264681474376","116219",,,"L",,,,,,,,,,,,,,,,,,,,,,,,,,,,,,,,,
"264681474376","116218",,,"3X",,,,,,,,,,,,,,,,,,,,,,,,,,,,,,,,,
"264681474376","116217",,,"2X",,,,,,,,,,,,,,,,,,,,,,,,,,,,,,,,,
"254553412106","118068","Rocky Ranch Hides","Vest",,"Biker","Leather","Regular","leather","Black","Leather","","Motorcycle","Collarless,Pockets","Solid","side laces","Men","Riding","Rock Design","Bikers Vest","Button,Snap","Fall,Spring,Winter","","","","Regular","Casual,Travel","","","","","","","","","","",
"254553412106","116254",,,"XL",,,,,,,,,,,,,,,,,,,,,,,,,,,,,,,,,
"254553412106","116253",,,"M",,,,,,,,,,,,,,,,,,,,,,,,,,,,,,,,,
"254553412106","116252",,,"L",,,,,,,,,,,,,,,,,,,,,,,,,,,,,,,,,
"254553412106","116251",,,"3X",,,,,,,,,,,,,,,,,,,,,,,,,,,,,,,,,
"254553412106","116250",,,"2X",,,,,,,,,,,,,,,,,,,,,,,,,,,,,,,,,
"264681474438","118054","Diamond Plate","Vest",,"Biker","Leather","Regular","Lace","Black","Leather","","Motorcycle","Live to Ride Patch,All Seasons","Solid","Eagle Patch","Men","Riding","Live to Ride","","Button","Fall,Spring,Summer,Winter","Live to Ride Patch","","","Regular","Casual,Travel","","","","","","","","","","",
"264681474438","116241",,,"XL",,,,,,,,,,,,,,,,,,,,,,,,,,,,,,,,,
"264681474438","116240",,,"M",,,,,,,,,,,,,,,,,,,,,,,,,,,,,,,,,
"264681474438","116239",,,"L",,,,,,,,,,,,,,,,,,,,,,,,,,,,,,,,,
"264681474438","116238",,,"4X",,,,,,,,,,,,,,,,,,,,,,,,,,,,,,,,,
"264681474438","116237",,,"3X",,,,,,,,,,,,,,,,,,,,,,,,,,,,,,,,,
"264681474438","116236",,,"2X",,,,,,,,,,,,,,,,,,,,,,,,,,,,,,,,,
"264743741302","116744","Napoline","Jacket",,"Bomber Jacket","Leather","Regular","Leather","Black","Polyester","Polyester","Motorcycle","Collared","Solid","Button","Men","Riding","Bomber Jacket","Leather Jackets","Button","","Outdoors","","","Regular","Business,Casual,Formal,Party/Cocktail,Travel,Workwear","Yes","","","","","","","","","",
"264743741302","116006",,,"5X",,,,,,,,,,,,,,,,,,,,,,,,,,,,,,,,,
"264743741302","116005",,,"4X",,,,,,,,,,,,,,,,,,,,,,,,,,,,,,,,,
"264742779932","116752","Napoline","Jacket",,"Bomber Jacket","Leather","Regular","Microfiber","Black","Polyester","Polyester","Bomber Jacket","Collared,Lined","Solid","Button","Men","Daily Use","Leather Bomber Jacket","Roman Rock","Button,Snap","Fall,Spring,Winter","Bomber Jacket","","","Regular","Business,Casual,Formal,Travel","","","","","","","","","","",
"264742779932","116010",,,"XL",,,,,,,,,,,,,,,,,,,,,,,,,,,,,,,,,
"264742779932","116009",,,"S",,,,,,,,,,,,,,,,,,,,,,,,,,,,,,,,,
"264742779932","116008",,,"M",,,,,,,,,,,,,,,,,,,,,,,,,,,,,,,,,
"264742779932","116007",,,"L",,,,,,,,,,,,,,,,,,,,,,,,,,,,,,,,,
"264742779932","116004",,,"3X",,,,,,,,,,,,,,,,,,,,,,,,,,,,,,,,,
"264742779932","116003",,,"2X",,,,,,,,,,,,,,,,,,,,,,,,,,,,,,,,,
"254766227887","117790","Giovanni Navarre","Coat",,"Trench Coat","Leather","S, M, L, XL, 2XL, 3XL, 4XL","","Black","Polyester","Polyester","Classic","Belted,Collared","Solid","Button","Men","Outdoors","","","Belt","","","","","","Business,Casual,Formal","","","","","","","","","Genuine-Leather-Trench-Coat","",
"254766227887","116164",,,"3X",,,,,,,,,,,,,,,,,,,,,,,,,,,,,,,,,
"254766227887","116163",,,"2X",,,,,,,,,,,,,,,,,,,,,,,,,,,,,,,,,
"254766227887","116162",,,"XL",,,,,,,,,,,,,,,,,,,,,,,,,,,,,,,,,
"254766227887","116156",,,"S",,,,,,,,,,,,,,,,,,,,,,,,,,,,,,,,,
"254766227887","116150",,,"M",,,,,,,,,,,,,,,,,,,,,,,,,,,,,,,,,
"254766227887","116149",,,"L",,,,,,,,,,,,,,,,,,,,,,,,,,,,,,,,,
"254766227887","116148",,,"4X",,,,,,,,,,,,,,,,,,,,,,,,,,,,,,,,,
"265551858839","297869","Gianfranco Ruffini","Jacket","39","Sports Jacket","Silk","Regular","","Tan Khaki","Silk","Wool","Sports","All Seasons,Collared","","Sports Coat","Men","Formal Events","","Men's Sports Coats","Button","Fall,Spring,Winter","Semi-Formal events","","","Regular","Business,Casual,Formal,Party/Cocktail,Travel","","","","","","","","","","",
"254553412387","118146","Giovanni Navarre","Vest",,"Biker","Leather","Regular","","Black","Polyester","Polyester","Biker","All Seasons,Pockets","Solid","Button","Men","Riding","Italian Stone","","Button,Snap","Fall,Spring,Summer,Winter","Biker's Vest","","Short","Regular","Casual,Travel","No","","","No","No","","","","Bikers Leather Vest","",
"254553412387","116330",,,"3X",,,,,,,,,,,,,,,,,,,,,,,,,,,,,,,,,
"254553412387","116329",,,"2X",,,,,,,,,,,,,,,,,,,,,,,,,,,,,,,,,
"254553412387","116328",,,"XL",,,,,,,,,,,,,,,,,,,,,,,,,,,,,,,,,
"254553412387","116316",,,"S",,,,,,,,,,,,,,,,,,,,,,,,,,,,,,,,,
"254553412387","116283",,,"M",,,,,,,,,,,,,,,,,,,,,,,,,,,,,,,,,
"254553412387","116263",,,"L",,,,,,,,,,,,,,,,,,,,,,,,,,,,,,,,,
"255780948564","308354","Unbranded","Jacket","variants","Military Jacket","Polyester","Regular","Microfiber","Khaki","Polyester","Polyester","Army","Full Zip,Hooded,Lightweight,Pockets,Removable Hood,Water Resistant,Wind-Resistant,Zipped Pockets","Solid","Button,Zipper","Men","Outdoors","Army Jacket","Army Jackets","Zip","Fall,Winter","Army Style","China","Mid-Length","Regular","Casual,Travel","No","","Button-Down","No","No","Machine Washable","variants","","","",
"255230554939","307915","Unbranded","Jacket",,"Athletic","Polyester","Regular","Fleece","Red","Polyester","Polyester","Athletic","Full Zip","Solid","Hooded","Men","Baseball,Basketball,Cycling,Football,Golf,Gym & Training","","Men's Fleece Jackets","Zip","Fall,Spring,Winter","Fleece Jacket","","Long","Athletic","Casual,Travel,Workwear","","","","","","","","","","",
"255230554939","307923",,,"5XL",,,,,,,,,,,,,,,,,,,,,,,,,,,,,,,,,
"255230554939","307922",,,"4XL",,,,,,,,,,,,,,,,,,,,,,,,,,,,,,,,,
"255230554939","307921",,,"3XL",,,,,,,,,,,,,,,,,,,,,,,,,,,,,,,,,
"255230554939","307920",,,"2XL",,,,,,,,,,,,,,,,,,,,,,,,,,,,,,,,,
"255230554939","307919",,,"XL",,,,,,,,,,,,,,,,,,,,,,,,,,,,,,,,,
"255230554939","307918",,,"L",,,,,,,,,,,,,,,,,,,,,,,,,,,,,,,,,
"255230554939","307917",,,"M",,,,,,,,,,,,,,,,,,,,,,,,,,,,,,,,,
"255230554939","307916",,,"S",,,,,,,,,,,,,,,,,,,,,,,,,,,,,,,,,
"264908445365","304839","Unbranded","Jacket",,"Ski Jacket","Cashmere","Regular","Softshell","Gray","Cashmere","cashmere","Outdoor","Full Zip,Thermal,Waterproof","Solid","Hooded","Men","Cross Country","","Winter Sports Jackets","Zip","Winter","","","","Regular","Skiing, Outdoor Sports","","","","","","","","","","",
"264908445365","304842",,,"2XL",,,,,,,,,,,,,,,,,,,,,,,,,,,,,,,,,
"264908445365","304841",,,"XL",,,,,,,,,,,,,,,,,,,,,,,,,,,,,,,,,
"264908445365","304840",,,"L",,,,,,,,,,,,,,,,,,,,,,,,,,,,,,,,,
"264908445365","307924",,,"3XL",,,,,,,,,,,,,,,,,,,,,,,,,,,,,,,,,
"264908445365","307925",,,"4XL",,,,,,,,,,,,,,,,,,,,,,,,,,,,,,,,,
"264908445365","307926",,,"5XL",,,,,,,,,,,,,,,,,,,,,,,,,,,,,,,,,
"264908445365","307927",,,"6XL",,,,,,,,,,,,,,,,,,,,,,,,,,,,,,,,,
"254631955353","115819","Rocky Mountain Hides","Jacket",,"Motorcycle Jacket","Leather","Regular","","Black","Polyester","Polyester","Motorcycle","Pockets","Solid","Zipper","Men","Riding","","","Lace Up,Zip","Fall,Spring,Winter","Bikers Jacket","Pakistan","","Regular","Casual,Formal,Travel","","","","","","","","","","",
"254631955353","115761",,,"M",,,,,,,,,,,,,,,,,,,,,,,,,,,,,,,,,
"264771803762","115893","Rocky Mountain Hides","Vest",,"Biker","Leather","Regular","","Black","Polyester","Polyester","Motorcycle","All Seasons,Collarless,Pockets","Solid","Side Straps","Men","Riding","","","Zip","Fall,Spring,Summer,Winter","Biker's Vest","Pakistan","","Regular","Casual,Travel","","","","","","","","","","",
"264771803762","115783",,,"XL",,,,,,,,,,,,,,,,,,,,,,,,,,,,,,,,,
"264771803762","115782",,,"M",,,,,,,,,,,,,,,,,,,,,,,,,,,,,,,,,
"264771803762","115781",,,"L",,,,,,,,,,,,,,,,,,,,,,,,,,,,,,,,,
"264771803762","115780",,,"3X",,,,,,,,,,,,,,,,,,,,,,,,,,,,,,,,,
"264771803762","115779",,,"2X",,,,,,,,,,,,,,,,,,,,,,,,,,,,,,,,,
