Item Id,SKU,Brand,Modified Item,Modification Description,Country/Region of Manufacture,California Prop 65 Warning,Object Type,Theme,
"255464822606","ZX9DAS7849","OpenOptics","","","","","Cooler","",
"255464812704","MYRD1953917","CAMCO","","","","","","",
"265623482421","KLT1817","Koolatron","","","","","","",
"255506769038","TRVAL128684","Orca","","","","","","",
"265641291374","PMST010","Permasteel","","","","","","",
"255464832660","PMST048","Permasteel","","","","","","",
"265623480871","PMST012","Permasteel","","","","","","",
"265646508544","PMST008","Permasteel","","","","","","",
"255464816182","MYRD119835","Promaxx Automotive","","","","","","",
