Item Id,SKU,Brand,Intended Use/Discipline,MPN,Model,Custom Bundle,Bundle Description,Modified Item,Modification Description,California Prop 65 Warning,Country/Region of Manufacture,
"255110895602","250017","Generic","","10-Pack-Disposable-Face-Mask","","","","","","","",
"254604009556","250017","Unbranded","Anesthesiology,Biological Laboratory,Cardiology,Cosmetology,Dental Laboratory,Dentistry,Dermatology,Emergency Medicine,Endocrinology,Endodontics","Does Not Apply","","","","","","","",
"254709554271","250017-4","Unbranded","Anesthesiology,Biological Laboratory,Cardiology,Cosmetology,Dental Laboratory,Dentistry,Dermatology,Emergency Medicine,Endocrinology,Endodontics","Disposable face masks","","","","","","","",
"254658851301","250403-21","Unbranded","Cardiology","Fashion Face Masks","","","","","","","",
