Item Id,SKU,Material,Brand,Size,Powdering,Intended Use/Discipline,MPN,Model,Custom Bundle,Bundle Description,Modified Item,Modification Description,Expiration Date,California Prop 65 Warning,Country/Region of Manufacture,
"265621721814","ORSNO165032","","Best Glove","","","","845-S-TEX303L-09","","","","","","","","",
"265731533850","ORSNO165074","","Best Glove","","","","845-W1005L","","","","","","","","",
"265621708417","SPRCH63781","Nitrile","DiversaMed","Large","","","DVM8648LCT","","","","","","","","",
"265731478772","SPRCH68011","Nitrile","Kimberly Clark","Large","","","KCC50603","","","","","","","","",
"265731477760","SPRCH68028","Nitrile","Kimberly Clark","Large","","","KCC55083CT","","","","","","","","",
"255576639160","SPRCH68007","Nitrile","Kimberly-clark","Medium","","","KCC55082CT","","","","","","","","",
"255576718761","SPRCH82381","Nitrile","Kimberly-Clark Professional","","","","KCC57374CT","","","","","","","","",
"255576665383","ORSNO327331","","Perfect Fit","","","","582-CTSS-2-14TH","","","","","","","","",
