Item Id,SKU,Type,Brand,MPN,Handmade,Custom Bundle,Bundle Description,Modified Item,Modification Description,Country/Region of Manufacture,California Prop 65 Warning,
"265735918389","ZX9SPRCH24882","Arts & Crafts","RoomFactory","RO789659","","","","","","","",
"255581202171","ZX9SPRCH25778","Arts & Crafts","RoomFactory","RO824336","","","","","","","",
"255581094953","SPRCH65883","Arts & Crafts","Mayline","MMM85896","","","","","","","",
"265735944651","SPRCH25778","Arts & Crafts","Safco Products Company","SAF3088","","","","","","","",
"265735827714","RTL93407","Arts & Crafts","Studio Designs","10220","","","","","","","",
"265735807201","ZX9RTL93407","Arts & Crafts","Tosafos","TO500879","","","","","","","",
