Item Id,SKU,Type,Brand,Item Weight,Material,Sport/Activity,Features,Color,Department,Country/Region of Manufacture,Vintage,Personalized,Signed,Item Width,MPN,Bundle Description,California Prop 65 Warning,Custom Bundle,Item Diameter,Item Height,Item Length,Model,Number of Items in Set,Set Includes,Size,
"265731466220","ZX9LFLN032","Exercise Equipment","T-Care","","Rubber","","","","","","","","","","T-1808349","","","","","","","","","","",
"265731495937","ESCLD2648","Exercise Equipment","Escalade Sports","","","","","","","","","","","","LLKB32","","","","","","","","","","",
"265731530631","ESCLD2649","Exercise Equipment","Escalade Sports","","","","","","","","","","","","LLKB36","","","","","","","","","","",
"265731488671","ESCLD2651","Exercise Equipment","Escalade Sports","","","","","","","","","","","","LLKB40","","","","","","","","","","",
"255576672765","ESCLD2652","Exercise Equipment","Escalade Sports","","","","","","","","","","","","LLKB44","","","","","","","","","","",
"255463068319","ESCLD2665","Exercise Equipment","Escalade Sports","","","","","","","","","","","","LLOWB-1000","","","","","","","","","","",
"265731454475","ESCLD2711","Exercise Equipment","Escalade Sports","","","","","","","","","","","","LLUWB","","","","","","","","","","",
"255463037582","FABE05335","Exercise Equipment","Fabrication Enterprises","","Vinyl","","","","","","","","","","10-0564","","","","","","","","","","",
"255463038623","FABE05391","Exercise Equipment","Fabrication Enterprises","","Vinyl","","","","","","","","","","10-0578","","","","","","","","","","",
"265731466576","FABE05330","Exercise Equipment","Fabrication Enterprises","","","","","","","","","","","","10-0668","","","","","","","","","","",
"255576683349","FABE05396","Exercise Equipment","Fabrication Enterprises","","","","","","","","","","","","10-1621","","","","","","","","","","",
"255463068126","ZX9ESCLD2648","Exercise Equipment","Refuah","","","","","","","","","","","","RE1341019","","","","","","","","","","",
"255576639392","LFLN032","Exercise Equipment","Lifeline","","Rubber","","","","","","","","","","LLRBPSET260","","","","","","","","","","",
"265621712107","ZX9ESCLD2665","Exercise Equipment","Refuah","","","","","","","","","","","","RE1341022","","","","","","","","","","",
"255576654209","YRKB395","Exercise Equipment","York Barbell","","","","","Black","","","","","","","15180","","","","","","","","","","",
