Item Id,SKU,Type,Brand,Dog Breed,Custom Bundle,Model,Bundle Description,MPN,Modified Item,Modification Description,Country/Region of Manufacture,California Prop 65 Warning,
"255461983952","TRVAL63614","Pet Training Aids","Dare Products","","","","","145618","","","","",
"255461983530","BCI09072","Pet Training Aids","Dare Products","","","","","831932","","","","",
"265620569251","COLR1992","Pet Training Aids","Powerfields","","","","","1382001","","","","",
"255461974423","FRMTK3970","Pet Training Aids","Powerfields","","","","","108046","","","","",
