Item Id,SKU,Material,Type,Sport/Activity,Color,Brand,MPN,Model,Size,Department,Features,Item Height,Item Length,Item Weight,Item Width,Shape,Country/Region of Manufacture,Custom Bundle,California Prop 65 Warning,Bundle Description,Care Instructions,Event,Event Type,Item Diameter,Number of Items in Set,Personalized,Set Includes,Team,Vintage,
"255463053115","ZX9FMSP4113","","Exercise Equipment","","Black","BioPlus","BI640851","","","","","","","","","","","","","","","","","","","","","","",
"265731486265","ZX9FMSP5244","","Exercise Equipment","","Blue","BioPlus","BI1765495","","","","","","","","","","","","","","","","","","","","","","",
"255576726712","AGMGR064","","Exercise Equipment","","Black","Aeromat","34306","","","","","","","","","","","","","","","","","","","","","","",
"255576668425","FMSP18685","","Exercise Equipment","Yoga","","Fabrication Enterprises","30-4213","","","","","","","","","","","","","","","","","","","","","","",
"255576684983","FMSP5286","","Exercise Equipment","","","Fabrication Enterprises","32-1400R-6","","","","","","","","","","","","","","","","","","","","","","",
"255576715027","FMSP5244","","Exercise Equipment","","","Fabrication Enterprises","32-1410B-6","","","","","","","","","","","","","","","","","","","","","","",
"265621713040","FMSP4113","","Exercise Equipment","","","Fabrication Enterprises","38-3000BLK","","","","","","","","","","","","","","","","","","","","","","",
