Item Id,SKU,Type,Brand,Sport/Activity,Color,Features,Maximum Weight Capacity,Material,Muscle Group,Usage,Indoor/Outdoor,Personalized,Country/Region of Manufacture,Signed,Item Weight,Item Width,MPN,Model,Bundle Description,California Prop 65 Warning,Custom Bundle,Item Diameter,Item Height,Item Length,Number of Items in Set,Set Includes,Vintage,
"265731518930","ZX9CHMP005","Exercise Equipment","HappyHealth","","Yellow","","","","","","","","","","","","HA745132","","","","","","","","","","",
"265731519629","ZX9FMSP1580","Exercise Equipment","BioPlus","","","","","","","","","","","","","","BI1772813","","","","","","","","","","",
"265731484074","ZX9FMSP14324","Exercise Equipment","Road2Recovery","","","","","","","","","","","","","","RO293645","","","","","","","","","","",
"255463054707","ZX9FMSP3510","Exercise Equipment","BioPlus","Gym & Training","","","","","Arms","Home Use","","","","","","","BI23107","","","","","","","","","","",
"255463051810","FABE05112","Exercise Equipment","Fabrication Enterprises","","","","","","","","","","","","","","10-1743","","","","","","","","","","",
"255463070322","FMSP1580","Exercise Equipment","Fabrication Enterprises","","","","","","","","","","","","","","10-3120","","","","","","","","","","",
"265621712391","FMSP1728","Exercise Equipment","Fabrication Enterprises","","","","","","","","","","","","","","10-3148","","","","","","","","","","",
"255463054445","FMSP1749","Exercise Equipment","Fabrication Enterprises","","","","","","","","","","","","","","10-3176","","","","","","","","","","",
"265621696584","FMSP1608","Exercise Equipment","Fabrication Enterprises","","Blue","","","","","","","","","","","","10-3183","","","","","","","","","","",
"265731467818","FMSP14324","Exercise Equipment","Togu","","","","","","","","","","","","","","30-4020","","","","","","","","","","",
