Item Id,SKU,Number of Drawers,Features,Material,Type,Brand,MPN,Model,Custom Bundle,Bundle Description,Modified Item,Modification Description,California Prop 65 Warning,Country/Region of Manufacture,
"265735830695","ZX9SPRCH87295","1","","","Storage Cabinets","Chesterfield","CH1623406","","","","","","","",
"255580980250","ZX9SSN16650","","","Laminate","Storage Cabinets","SeatSolutions","SE524421","","","","","","","",
"255581106731","ZX9SPRCH83369","","","","Storage Cabinets","Made4Mattress","MA1625155","","","","","","","",
"255581143428","ZX9SPRCH26219","","","","Storage Cabinets","NewestEdition","NE127424","","","","","","","",
"255581075578","ZX9SPRCH26221","","","","Storage Cabinets","NewestEdition","NE127425","","","","","","","",
"255580958976","ZX9SPRCH40037","","Rolling","","Storage Cabinets","NewestEdition","NE686833","","","","","","","",
"265735895916","ZX9SPRCH87915","5","","","Storage Cabinets","FixturesFirst","FI1646479","","","","","","","",
"265735940943","ZX9SPRCH87544","","","","Storage Cabinets","FixturesFirst","FI1620618","","","","","","","",
"265735830791","SSN50651","","","","Storage Cabinets","Ability One","1328973","","","","","","","",
"265735911101","SSN42876","","","","Storage Cabinets","Advantus","VF96033","","","","","","","",
"265735707188","ALBA1124","","","","Storage Cabinets","Alba","DDPURM","","","","","","","",
"255581190634","ALBA1125","4","","","Storage Cabinets","Alba","DDPURS","","","","","","","",
"255581188768","ESSEN11141","2","Lockable","Wood","Vertical","Alera","VABFES","Alera Valencia Series Mobile Box","","","","","","",
"255581243917","AZALERSW543018BA","","Rolling","","Storage Cabinets","Alera","SW543018BA","","","","","","","",
"265735887524","SSN44259","","","","Storage Cabinets","Alera","VA582816MC","","","","","","","",
"265735803192","SSN44260","","","","Storage Cabinets","Alera","VA582816MY","","","","","","","",
"255581126776","AMFN1558","","","","Storage Cabinets","American Furniture Classics","22112","","","","","","","",
"265735617711","AMFN1687","","","","Storage Cabinets","American Furniture Classics","25512","","","","","","","",
"265735687628","AMFN1690","","","","Storage Cabinets","American Furniture Classics","25515","","","","","","","",
"255581108273","AMFN1672","","","","Storage Cabinets","American Furniture Classics","33242","","","","","","","",
"255581112203","AMFN1636","","","","Storage Cabinets","American Furniture Classics","41000","","","","","","","",
"255581089760","AMFN1655","6","","","Storage Cabinets","American Furniture Classics","51001","","","","","","","",
"265735859235","AMFN1656","6","","","Storage Cabinets","American Furniture Classics","52001","","","","","","","",
"265735604491","BMBOO126","","","","Storage Cabinets","Bamboo54","5837","","","","","","","",
"255581113378","AZBANK00648","4","","","Storage Cabinets","Bankers Box","00648","","","","","","","",
"265735952127","GRN60619","","","","Storage Cabinets","Barska Optics","CB13256","","","","","","","",
"265735664908","QKWY1439","5","","","Storage Cabinets","Basicwise","QI003677W","","","","","","","",
"265735610500","QKWY1225","","","","Storage Cabinets","Basicwise","QI003951.WT","","","","","","","",
"265735802351","AZBUSHWC24453SU","","","","Storage Cabinets","Bush","WC24453SU","","","","","","","",
"255581009517","AZBUSHWC72453SU","8","","","Storage Cabinets","Bush","WC72453SU","","","","","","","",
"265735926988","ZX9SPRCH69193","","","","Storage Cabinets","SeatSolutions","SE687154","","","","","","","",
"265735866848","ZX9SPRCH69178","","","","Storage Cabinets","SeatSolutions","SE521688","","","","","","","",
"255580941591","CNGR2340","1","","","Storage Cabinets","Cheungs","4564","","","","","","","",
"265735834147","ZX9SPRCH27079","","","","Storage Cabinets","BetterBeds","BE939897","","","","","","","",
"255581032418","MYRD123264","2","","","Storage Cabinets","CREATIVE PRODUCTS","CPGKEY-GLCABINET2-5K","","","","","","","",
"265735952787","ZX9AZBANK00648","4","","","Storage Cabinets","ComfortCreator","CO706620","","","","","","","",
"265735870212","SPRCH28080","6","","","Storage Cabinets","Deflect-O Corporation","DEF693104","","","","","","","",
"255581175090","ZX9SFC1031","","","","Storage Cabinets","BetterBeds","BE810814","","","","","","","",
"265735842801","SPRCH29198","","","","Storage Cabinets","Fellowes Mfg. Co.","FEL40912","","","","","","","",
"265735680416","SSN64430","","","","Storage Cabinets","Gen","GEN7110CT","","","","","","","",
"255580959919","SSN64677","","","","Storage Cabinets","Gen","GEN7112CT","","","","","","","",
"265735853299","SSN64577","","","","Storage Cabinets","Gen","GEN7116CT","","","","","","","",
"265735829293","SPRCH87842","","","","Storage Cabinets","Genuine Joe","GJO11576CT","","","","","","","",
"255581228240","SPRCH88182","1","","","Storage Cabinets","Genuine Joe","GJO11577CT","","","","","","","",
"265735809944","SPRCH87295","1","","","Storage Cabinets","Genuine Joe","GJO11579CT","","","","","","","",
"255581108515","ZX9SFC687","8","","","Storage Cabinets","BetterBeds","BE124634","","","","","","","",
"265735727804","ZX9SPRCH69170","","","","Storage Cabinets","SeatSolutions","SE521687","","","","","","","",
"255581000644","HOST2246","","","","Storage Cabinets","Homestyles","5079-01","","","","","","","",
"265735709280","HOST2617","","","","Storage Cabinets","Homestyles","5149-01","","","","","","","",
"265735693085","HOST2612","","","","Storage Cabinets","Homestyles","5450-01","","","","","","","",
"265735742307","CLDST31355","3","","","Storage Cabinets","Hon","HBMP2BP","","","","","","","",
"265735730260","SSN16650","","","Laminate","Storage Cabinets","Hon","H1522.COGN","","","","","","","",
"255581204093","SPRCH105240","","","","Storage Cabinets","Hon","HONUFO15NLOFT","","","","","","","",
"265735733509","SPRCH105237","","","","Storage Cabinets","Hon","HONUFO15NP02","","","","","","","",
"255581004390","ZX9SPRCH69153","","","","Storage Cabinets","SeatSolutions","SE513458","","","","","","","",
"265735860907","IFD2587","","","Wood","Storage Cabinets","KB","CU1442","","","","","","","",
"255581069146","IFD2588","","","Wood","Storage Cabinets","KB","CU1443","","","","","","","",
"265735691721","IFD2082","","","Wood","Storage Cabinets","KB","K06","","","","","","","",
"255581092624","IFD2597","","","Wood","Storage Cabinets","KB","K110","","","","","","","",
"265735744958","IFD2581","","","Wood","Storage Cabinets","KB","WR1348","","","","","","","",
"265735599100","IFD2584","","","Wood","Storage Cabinets","KB","WR1352","","","","","","","",
"265735732225","IFD2585","","","Wood","Storage Cabinets","KB","WR1355","","","","","","","",
"255581128843","SDSS1391","","","","Storage Cabinets","Kings Furniture","K544","","","","","","","",
"265735850849","ZX9HDIP1776","","","","Storage Cabinets","Made-to-Order","MA1624693","","","","","","","",
"255581027140","SPRCH86855","","","","Storage Cabinets","Lorell","LLR00013","","","","","","","",
"255581188542","SPRCH86864","","","","Storage Cabinets","Lorell","LLR00025","","","","","","","",
"255581162448","SPRCH86865","","","","Storage Cabinets","Lorell","LLR00026","","","","","","","",
"265735871774","SPRCH91928","3","","","Storage Cabinets","Lorell","LLR00060NY","","","","","","","",
"265735754224","SPRCH91927","3","","","Storage Cabinets","Lorell","LLR00060RD","","","","","","","",
"255581215665","SPRCH100687","","","","Storage Cabinets","Lorell","LLR00060TL","","","","","","","",
"265735778971","SPRCH91926","3","","","Storage Cabinets","Lorell","LLR00060WE","","","","","","","",
"265735641007","SPRCH85569","","","","Storage Cabinets","Lorell","LLR01930","","","","","","","",
"255581199414","SPRCH91932","","","","Storage Cabinets","Lorell","LLR03097BK","","","","","","","",
"255581136550","SPRCH91935","","","","Storage Cabinets","Lorell","LLR03097NY","","","","","","","",
"255581074229","SPRCH91934","","","","Storage Cabinets","Lorell","LLR03097SR","","","","","","","",
"255580972839","SPRCH91933","","","","Storage Cabinets","Lorell","LLR03097WE","","","","","","","",
"265735834922","SPRCH39548","","","","Storage Cabinets","Lorell","LLR42290","","","","","","","",
"265735712109","SPRCH39549","","","","Storage Cabinets","Lorell","LLR42291","","","","","","","",
"255581165677","SPRCH39550","","","","Storage Cabinets","Lorell","LLR42292","","","","","","","",
"265735751775","SPRCH102879","3","","","Storage Cabinets","Lorell","LLR42296","","","","","","","",
"265735859292","SPRCH102880","3","","","Storage Cabinets","Lorell","LLR42297","","","","","","","",
"255581102594","SPRCH102881","3","","","Storage Cabinets","Lorell","LLR42298","","","","","","","",
"265735752952","SPRCH39588","","","","Storage Cabinets","Lorell","LLR49520","","","","","","","",
"255580961242","SPRCH39589","","","","Storage Cabinets","Lorell","LLR49521","","","","","","","",
"255580938672","SPRCH39590","","","","Storage Cabinets","Lorell","LLR49522","","","","","","","",
"265735894391","SPRCH39591","","","","Storage Cabinets","Lorell","LLR49523","","","","","","","",
"255581006724","SPRCH39592","","","","Storage Cabinets","Lorell","LLR49524","","","","","","","",
"255581077236","SPRCH39593","","","","Storage Cabinets","Lorell","LLR49525","","","","","","","",
"255581055048","SPRCH39594","","","","Storage Cabinets","Lorell","LLR49526","","","","","","","",
"265735804717","SPRCH39595","","","","Storage Cabinets","Lorell","LLR49527","","","","","","","",
"265735827210","SPRCH39597","","","","Storage Cabinets","Lorell","LLR49529","","","","","","","",
"255581138186","SPRCH39598","","","","Storage Cabinets","Lorell","LLR49530","","","","","","","",
"265735859738","SPRCH39606","","","","Storage Cabinets","Lorell","LLR49539","","","","","","","",
"265735681069","SPRCH39607","","","","Storage Cabinets","Lorell","LLR49540","","","","","","","",
"255580938502","SPRCH26219","","","","Storage Cabinets","Lorell","LLR60653","","","","","","","",
"255581192539","SPRCH26220","","","","Storage Cabinets","Lorell","LLR60654","","","","","","","",
"265735750850","SPRCH26221","","","","Storage Cabinets","Lorell","LLR60655","","","","","","","",
"265735622472","SPRCH26565","","","","Office","Lorell","LLR69395","","","","","","","",
"265735704428","SPRCH25189","","","","Office","Lorell","LLR69398","","","","","","","",
"265735749412","SPRCH83287","","","","Storage Cabinets","Lorell","LLR71104","","","","","","","",
"265735937971","SPRCH83288","","","","Storage Cabinets","Lorell","LLR71106","","","","","","","",
"255581092877","SPRCH40036","","Rolling","","Storage Cabinets","Lorell","LLR84858","","","","","","","",
"255581277636","SPRCH40037","","Rolling","","Storage Cabinets","Lorell","LLR84859","","","","","","","",
"255581201000","SPRCH86942","","","","Storage Cabinets","Lorell","LLR90280","","","","","","","",
"255581142605","SPRCH86943","","","","Storage Cabinets","Lorell","LLR90281","","","","","","","",
"265735809226","WNSMH1705","","","Wood","Storage Cabinets","Luxen Home","WHIF784","","","","","","","",
"255580948340","ZX9SPRCH29198","","","","Storage Cabinets","ComfortCreator","CO127460","","","","","","","",
"255581238465","ZX9ALBA1124","","","","Storage Cabinets","Clean Choice","CL1495441","","","","","","","",
"265735705708","ZX9SPRCH39589","","","","Storage Cabinets","NewestEdition","NE960681","","","","","","","",
"265735752211","ZX9SPRCH39590","","","","Storage Cabinets","NewestEdition","NE518870","","","","","","","",
"255581069736","ZX9SPRCH39588","","","","Storage Cabinets","NewestEdition","NE529637","","","","","","","",
"255581275619","ZX9SPRCH39595","","","","Storage Cabinets","NewestEdition","NE529640","","","","","","","",
"255581026389","ZX9SPRCH39594","","","","Storage Cabinets","NewestEdition","NE529639","","","","","","","",
"265735745074","ZX9SPRCH39593","","","","Storage Cabinets","NewestEdition","NE529638","","","","","","","",
"255581052065","ZX9SPRCH39591","","","","Storage Cabinets","NewestEdition","NE518871","","","","","","","",
"265735952863","ZX9SPRCH39597","","","","Storage Cabinets","NewestEdition","NE518872","","","","","","","",
"265735702585","ZX9SPRCH39592","","","","Storage Cabinets","NewestEdition","NE517902","","","","","","","",
"255581000979","ZX9SPRCH39598","","","","Storage Cabinets","NewestEdition","NE523846","","","","","","","",
"265735916470","ZX9SPRCH39606","","","","Storage Cabinets","NewestEdition","NE529641","","","","","","","",
"255581243356","ZX9SPRCH39607","","","","Storage Cabinets","NewestEdition","NE529642","","","","","","","",
"255580995033","ZX9SPRCH23138","","","","Storage Cabinets","NewestEdition","NE127360","","","","","","","",
"265735614284","RTL245016","3","Blueprint,Rolling","Wood","Lateral","Monarch Specialties","I7049","I 7049","","","","","","",
"255581245020","MNRCH3704","3","","Wood","Storage Cabinets","Monarch Specialties","I 7401","","","","","","","",
"255580961154","MNRCH3705","3","","Wood","Storage Cabinets","Monarch Specialties","I 7402","","","","","","","",
"255580991816","MNRCH3947","3","","","Storage Cabinets","Monarch Specialties","I 7403","","","","","","","",
"255581085510","RNCY1906","","","","Storage Cabinets","Niche","NPFF1527CH","","","","","","","",
"255581214980","RNCY1907","","","","Storage Cabinets","Niche","NPFF1527TF","","","","","","","",
"265735838759","RNCY1908","","","Wood","Storage Cabinets","Niche","NPFF1527WH","","","","","","","",
"265735890053","SSN65519","","","","Storage Cabinets","Pactiv","SAC0516","","","","","","","",
"265735753535","SSN65284","","","","Storage Cabinets","Pactiv","YCA910480000","","","","","","","",
"255581124417","SSN74334","9","","Plastic","Storage Cabinets","Pactiv","YEH899020000","","","","","","","",
"255581050654","SPRCH82955","","","","Storage Cabinets","Paperflow USA","PPR366014192344","","","","","","","",
"265735844312","SPRCH82956","","","","Storage Cabinets","Paperflow USA","PPR366014192346","","","","","","","",
"255581048155","ZX9SPRCH69135","","","","Storage Cabinets","SeatSolutions","SE525447","","","","","","","",
"255581284979","ZX9SPRCH69160","","","","Storage Cabinets","SeatSolutions","SE513459","","","","","","","",
"265735916603","SPRCH87915","5","","","Storage Cabinets","Rubbermaid Commercial Products","RCP3304CLECT","","","","","","","",
"255580973830","SPRCH87544","","","","Storage Cabinets","Rubbermaid Commercial Products","RCP3508WHICT","","","","","","","",
"265735891908","SPRCH28681","","","","Storage Cabinets","Rubbermaid Commercial Products","RCP409100","","","","","","","",
"265735738938","SPRCH28134","","","","Storage Cabinets","Rubbermaid Commercial Products","RCP452088BG","","","","","","","",
"265735658838","SFC687","8","","","Storage Cabinets","Safco","5390BL","","","","","","","",
"265735930480","SFC1031","","","","Storage Cabinets","Safco","9221BLR","","","","","","","",
"265735657641","SPRCH27291","","","","Storage Cabinets","Safco Products Company","SAF4128CH","","","","","","","",
"255581227957","SPRCH27292","","","","Storage Cabinets","Safco Products Company","SAF4139CH","","","","","","","",
"255581178819","SPRCH26084","","","","Storage Cabinets","Safco Products Company","SAF4322GR","","","","","","","",
"255581202426","SPRCH24941","","","","Storage Cabinets","Safco Products Company","SAF5212BL","","","","","","","",
"255581214868","SPRCH25234","","","","Storage Cabinets","Safco Products Company","SAF5213BL","","","","","","","",
"265735853779","SPRCH27788","","","","Storage Cabinets","Safco Products Company","SAF5238BL","","","","","","","",
"255581115721","SPRCH25939","","","","Storage Cabinets","Safco Products Company","SAF5337BL","","","","","","","",
"255581042444","SPRCH27177","","","","Storage Cabinets","Safco Products Company","SAF5362BL","","","","","","","",
"255580975001","SPRCH27079","","","","Storage Cabinets","Safco Products Company","SAF5373BL","","","","","","","",
"255581280202","SPRCH27578","","","","Storage Cabinets","Safco Products Company","SAF5577BL","","","","","","","",
"265735602639","SBBR109","2","","","Storage Cabinets","Saint Birch","SBSF4009LFWG","","","","","","","Honduras",
"255581216368","TRVAL118237","4","Rolling","","Storage Cabinets","Sam Pievac","228267","","","","","","","",
"255581161618","ZX9AZBUSHWC24453SU","","","","Storage Cabinets","FixturesFirst","FI182289","","","","","","","",
"265735866917","ZX9AZBUSHWC72453SU","8","","","Storage Cabinets","FixturesFirst","FI619679","","","","","","","",
"255580982219","SPRCH69193","","","","Storage Cabinets","SPRichards","LLR16214","","","","","","","",
"255581267043","SPRCH69178","","","","Storage Cabinets","SPRichards","LLR16215","","","","","","","",
"265735845405","SPRCH69135","","","","Storage Cabinets","SPRichards","LLR16216","","","","","","","",
"255580999011","SPRCH69160","","","","Storage Cabinets","SPRichards","LLR16217","","","","","","","",
"265735842653","SPRCH69170","","","","Storage Cabinets","SPRichards","LLR16218","","","","","","","",
"265735614178","SPRCH69153","","","","Storage Cabinets","SPRichards","LLR16219","","","","","","","",
"255581204490","ZX9SPRCH84250","","","","Storage Cabinets","Guest Room","GU1627510","","","","","","","",
"265735700264","SPRCH84250","","","","Storage Cabinets","Storex Industries","STX61418U01C","","","","","","","",
"265735945915","SPRCH84252","","","","Storage Cabinets","Storex Industries","STX61434U01C","","","","","","","",
"265735737873","SPRCH83368","","","","Storage Cabinets","Storex","STX61314U01C","","","","","","","",
"265735822054","SPRCH83369","","","","Storage Cabinets","Storex","STX61315U01C","","","","","","","",
"255581145376","SPRCH86652","","","","Storage Cabinets","The HON","HONHAUFHR15SLTL","","","","","","","",
"255581090984","SPRCH86653","","","","Storage Cabinets","The HON","HONHAUFHR15SSSL","","","","","","","",
"255581229233","AMFN1703","","","","Storage Cabinets","Tuff Stor","24205","","","","","","","",
"265735701777","AMFN1704","","","","Storage Cabinets","Tuff Stor","24215K","","","","","","","",
"255580938212","AMFN1705","","","","Storage Cabinets","Tuff Stor","24216K","","","","","","","",
"255581200638","ZX9AMFN1558","","","","Storage Cabinets","LatestLuxury","LA883470","","","","","","","",
"255581273702","SSN76006","","","","Storage Cabinets","Union & Scale","UN56949","","","","","","","",
"265735750448","SSN76013","","","","Storage Cabinets","Union & Scale","UN56968","","","","","","","",
"255581016077","ZX9SSN44260","","","","Storage Cabinets","FineFabrics","FI1615508","","","","","","","",
"255581087885","ZX9SSN44259","","","","Storage Cabinets","FineFabrics","FI1622544","","","","","","","",
"265735811127","ZX9SPRCH39548","","","","Storage Cabinets","NewestEdition","NE511637","","","","","","","",
"265735658952","AZVERTVF52002","2","","","Storage Cabinets","Vertiflex","VF52002","","","","","","","",
"255581180756","AZVERTVF52004","4","","","Storage Cabinets","Vertiflex","VF52004","","","","","","","",
"265735914102","AZVERTVF52005","2","","","Storage Cabinets","Vertiflex","VF52005","","","","","","","",
"265735877120","QKWY2127","","Lockable","","Storage Cabinets","Vintiquewise","QI003943.S","","","","","","","",
"255581191589","ZX9WNSMH1705","","","Wood","Storage Cabinets","ProComfort","PR1627133","","","","","","","",
