Item Id,SKU,Type,Fuel Type,Indoor/Outdoor,Items included,Shape,Brand,Material,Size,Color,Cooking Area Width,Finish,Cooking Area Length,Item Height,Mounting,Item Width,Item Diameter,Item Depth,Style,Features,Country/Region of Manufacture,Year Manufactured,Required Tools,Assembly Required,Item Weight,Manufacturer Warranty,MPN,Model,California Prop 65 Warning,Custom Bundle,Bundle Description,Power,
"255483949834","ZX9PTPR004","Firepits & Outdoor Fireplaces","","","","","PatioPlus","","","","","","","","","","","","","","","","","","","","PA939736","","","","","",
"255476981275","ZX9RTL12CR027","Firepits & Outdoor Fireplaces","","","","","GrillTown","","","","","Bronze","","","","","","","","","","","","","","","GR121796","","","","","",
"265644563776","ZX9AMFGS1179","Firepits & Outdoor Fireplaces","Propane","","","","Piazza","","","","","","","","","","","","","","","","","","","","PI171205","","","","","",
"255483750422","ZX9AMFGS1677","Firepits & Outdoor Fireplaces","","","Cover","","Piazza","Stainless Steel","","","","","","","","","","","","","","","","","","","PI4444","","","","","",
"255488743761","ZX9AMFGS1310","Firepits & Outdoor Fireplaces","","","","","Piazza","Stainless Steel","","","","","","","","","","","","","","","","","","","PI614886","","","","","",
"255476930636","ZX9AMFGS1311","Firepits & Outdoor Fireplaces","","","","","Piazza","Stainless Steel","","","","","","","","","","","","","","","","","","","PI36717","","","","","",
"255488698496","ZX9AMFGS1678","Firepits & Outdoor Fireplaces","","","Cover","","Piazza","Stainless Steel","","","","","","","","","","","","","","","","","","","PI4445","","","","","",
"255483797120","ZX9AMFGS1295","Firepits & Outdoor Fireplaces","","","","","Piazza","Stainless Steel","","","","","","","","","","","","","","","","","","","PI166865","","","","","",
"265644481408","ZX9AMFGS1698","Firepits & Outdoor Fireplaces","","","","","Piazza","","","","","","","","","","","","","","","","","","","","PI4447","","","","","",
"265639583619","ZX9AMFGS1229","Firepits & Outdoor Fireplaces","","","","","Piazza","Stainless Steel","","","","","","","","","","","","","","","","","","","PI36715","","","","","",
"265639766095","ZX9AMFGS1699","Firepits & Outdoor Fireplaces","","","","","Piazza","","","","","","","","","","","","","","","","","","","","PI614888","","","","","",
"255483742592","CGP1396791","Firepits & Outdoor Fireplaces","","","","","American Fire Glass","Stainless Steel","","","","","","","","","","","","","","","","","","","SS-AFPP-30","","","","","",
"255488846887","CGP1396792","Firepits & Outdoor Fireplaces","","","","","American Fire Glass","Stainless Steel","","","","","","","","","","","","","","","","","","","SS-AFPP-36","","","","","",
"255488798530","CGP1396793","Firepits & Outdoor Fireplaces","","","","","American Fire Glass","Stainless Steel","","","","","","","","","","","","","","","","","","","SS-AFPP-48","","","","","",
"255509939161","CGP1396787","Fireplaces","","Indoor","","Round","American Fire Glass","Stainless Steel","","Black","","","","","","","","","","","","","","","","","SSFR30","","","","","",
"265644496454","AMFGS1675","Firepits & Outdoor Fireplaces","","","Cover","","American Fireglass","Stainless Steel","","","","","","","","","","","","","","","","","","","SS-CV-SQP-36","","","","","",
"255483826042","AMFGS1676","Firepits & Outdoor Fireplaces","","","Cover","","American Fireglass","Stainless Steel","","","","","","","","","","","","","","","","","","","SS-CV-SQP-30","","","","","",
"265644518388","AMFGS1677","Firepits & Outdoor Fireplaces","","","Cover","","American Fireglass","Stainless Steel","","","","","","","","","","","","","","","","","","","SS-CV-SQP-24","","","","","",
"265639546994","AMFGS1678","Firepits & Outdoor Fireplaces","","","Cover","","American Fireglass","Stainless Steel","","","","","","","","","","","","","","","","","","","SS-CV-SQP-18","","","","","",
"265644621769","AMFGS1679","Firepits & Outdoor Fireplaces","","","Cover","","American Fireglass","Stainless Steel","","","","","","","","","","","","","","","","","","","SS-CV-SQP-12","","","","","",
"255483967552","AMFGS1681","Firepits & Outdoor Fireplaces","","","Cover","","American Fireglass","Stainless Steel","","","","","","","","","","","","","","","","","","","SS-CV-RSP-19","","","","","",
"265634309339","AMFGS1682","Firepits & Outdoor Fireplaces","","","Cover","","American Fireglass","Stainless Steel","","","","","","","","","","","","","","","","","","","SS-CV-LCB-72","","","","","",
"265644502836","AMFGS1670","Firepits & Outdoor Fireplaces","","","Cover","Square","American Fireglass","Stainless Steel","","","","","","","","","","","","","","","","","","","SS-CV-AFPP-48","","","","","",
"265634287552","AMFGS1672","Firepits & Outdoor Fireplaces","","","Cover","Square","American Fireglass","Stainless Steel","","","","","","","","","","","","","","","","","","","SS-CV-AFPP-30","","","","","",
"265639520357","AMFGS1690","Firepits & Outdoor Fireplaces","","","","","American Fireglass","","","","","","","","","","","","","","","","","","","","FG-AFPP-18","","","","","",
"265644648815","AMFGS1691","Firepits & Outdoor Fireplaces","","","","","American Fireglass","","","","","","","","","","","","","","","","","","","","FG-AFPP-24","","","","","",
"265634296939","AMFGS1693","Firepits & Outdoor Fireplaces","","","","","American Fireglass","","","","","","","","","","","","","","","","","","","","FG-AFPP-36","","","","","",
"265639552380","AMFGS1694","Firepits & Outdoor Fireplaces","","","","","American Fireglass","","","","","","","","","","","","","","","","","","","","FG-AFPP-48","","","","","",
"265644639234","AMFGS1695","Firepits & Outdoor Fireplaces","","","","","American Fireglass","","","","","","","","","","","","","","","","","","","","FG-LCB-30","","","","","",
"265639670837","AMFGS1696","Firepits & Outdoor Fireplaces","","","","","American Fireglass","","","","","","","","","","","","","","","","","","","","FG-LCB-36","","","","","",
"265639702649","AMFGS1697","Firepits & Outdoor Fireplaces","","","","","American Fireglass","","","","","","","","","","","","","","","","","","","","FG-LCB-48","","","","","",
"255483664521","AMFGS1698","Firepits & Outdoor Fireplaces","","","","","American Fireglass","","","","","","","","","","","","","","","","","","","","FG-LCB-60","","","","","",
"255483910204","AMFGS1699","Firepits & Outdoor Fireplaces","","","","","American Fireglass","","","","","","","","","","","","","","","","","","","","FG-LCB-72","","","","","",
"255488680544","AMFGS1193","Firepits & Outdoor Fireplaces","","","","Round","American Fireglass","","","","","","","","","","","","","","","","","","","","FG-RSP-19","","","","","",
"255483907098","AMFGS1194","Firepits & Outdoor Fireplaces","","","","Round","American Fireglass","","","","","","","","","","","","","","","","","","","","FG-RSP-25","","","","","",
"255476995852","AMFGS1686","Firepits & Outdoor Fireplaces","","","","Square","American Fireglass","","","","","","","","","","","","","","","","","","","","FG-SQP-18","","","","","",
"265639699607","AMFGS1687","Firepits & Outdoor Fireplaces","","","","Square","American Fireglass","","","","","","","","","","","","","","","","","","","","FG-SQP-24","","","","","",
"265639721822","AMFGS1688","Firepits & Outdoor Fireplaces","","","","Square","American Fireglass","","","","","","","","","","","","","","","","","","","","FG-SQP-30","","","","","",
"265639539813","AMFGS1689","Firepits & Outdoor Fireplaces","","","","Square","American Fireglass","","","","","","","","","","","","","","","","","","","","FG-SQP-36","","","","","",
"255483664652","AMFGS1305","Firepits & Outdoor Fireplaces","","","","","American Fireglass","Stainless Steel","","","","","","","","","","","","","","","","","","","SS-AFPPKIT-N-18","","","","","",
"265639813373","AMFGS1307","Firepits & Outdoor Fireplaces","","","","","American Fireglass","Stainless Steel","","","","","","","","","","","","","","","","","","","SS-AFPPKIT-N-24","","","","","",
"255476909766","AMFGS1309","Firepits & Outdoor Fireplaces","","","","","American Fireglass","Stainless Steel","","","","","","","","","","","","","","","","","","","SS-AFPPKIT-N-30","","","","","",
"265644616700","AMFGS1311","Fire Pit","Gas","Outdoor","","Rectangle","American Fireglass","Stainless Steel,Brass,Copper,Steel","","Black","36 in","Natural","36 in","36 in","","36 in","36 in","36 in","Natural Gas","","","2019","","","","","SS-AFPPKIT-N-36","SS-AFPPKIT-N-36","","","","",
"265634298782","AMFGS1304","Firepits & Outdoor Fireplaces","","","","","American Fireglass","Stainless Steel","","","","","","","","","","","","","","","","","","","SS-AFPPKIT-P-18","","","","","",
"255483842766","AMFGS1306","Firepits & Outdoor Fireplaces","","","","","American Fireglass","Stainless Steel","","","","","","","","","","","","","","","","","","","SS-AFPPKIT-P-24","","","","","",
"265644522874","AMFGS1308","Firepits & Outdoor Fireplaces","","","","","American Fireglass","Stainless Steel","","","","","","","","","","","","","","","","","","","SS-AFPPKIT-P-30","","","","","",
"265644586685","AMFGS1310","Firepits & Outdoor Fireplaces","","","","","American Fireglass","Stainless Steel","","","","","","","","","","","","","","","","","","","SS-AFPPKIT-P-36","","","","","",
"255488696594","AMFGS1176","Firepits & Outdoor Fireplaces","","","","","American Fireglass","","","","","","","","","","","","","","","","","","","","SS-AFPPMKIT-N-18","","","","","",
"265639799333","AMFGS1178","Firepits & Outdoor Fireplaces","","","","","American Fireglass","","","","","","","","","","","","","","","","","","","","SS-AFPPMKIT-N-24","","","","","",
"265644595882","AMFGS1180","Firepits & Outdoor Fireplaces","","","","","American Fireglass","","","","","","","","","","","","","","","","","","","","SS-AFPPMKIT-N-30","","","","","",
"255488842007","AMFGS1182","Firepits & Outdoor Fireplaces","","","","","American Fireglass","","","","","","","","","","","","","","","","","","","","SS-AFPPMKIT-N-36","","","","","",
"265639769758","AMFGS1175","Firepits & Outdoor Fireplaces","","","","","American Fireglass","","","","","","","","","","","","","","","","","","","","SS-AFPPMKIT-P-18","","","","","",
"265639593881","AMFGS1177","Firepits & Outdoor Fireplaces","","","","","American Fireglass","","","","","","","","","","","","","","","","","","","","SS-AFPPMKIT-P-24","","","","","",
"265634288192","AMFGS1179","Firepits & Outdoor Fireplaces","","","","","American Fireglass","","","","","","","","","","","","","","","","","","","","SS-AFPPMKIT-P-30","","","","","",
"265639699792","AMFGS1181","Firepits & Outdoor Fireplaces","","","","","American Fireglass","","","","","","","","","","","","","","","","","","","","SS-AFPPMKIT-P-36","","","","","",
"265639556352","AMFGS1292","Fire Pit","Propane","Outdoor","","Square","American Fireglass","Stainless Steel","Large","Silver","30 in","","30 in","6 in","Tabletop","30 in","30 in","30 in","","Heat Resistant Coating,Easy to Assemble","","","","","7 lb","","SS-LCB-30","SS-LCB-30","","","","",
"255483968111","AMFGS1293","Firepits & Outdoor Fireplaces","","","","","American Fireglass","Stainless Steel","","","","","","","","","","","","","","","","","","","SS-LCB-36","","","","","",
"265644572239","AMFGS1294","Firepits & Outdoor Fireplaces","","","","","American Fireglass","Stainless Steel","","","","","","","","","","","","","","","","","","","SS-LCB-48","","","","","",
"255483967213","AMFGS1295","Firepits & Outdoor Fireplaces","","","","","American Fireglass","Stainless Steel","","","","","","","","","","","","","","","","","","","SS-LCB-60","","","","","",
"265639696205","AMFGS1229","Firepits & Outdoor Fireplaces","","","","","American Fireglass","Stainless Steel","","","","","","","","","","","","","","","","","","","SS-LCB-72","","","","","",
"255483696220","AMFGS1314","Firepits & Outdoor Fireplaces","","","","","American Fireglass","Stainless Steel","","","","","","","","","","","","","","","","","","","SS-LCBKIT-N-30","","","","","",
"255488773861","AMFGS1316","Firepits & Outdoor Fireplaces","","","","","American Fireglass","Stainless Steel","","","","","","","","","","","","","","","","","","","SS-LCBKIT-N-36","","","","","",
"255483729296","AMFGS1313","Firepits & Outdoor Fireplaces","","","","","American Fireglass","Stainless Steel","","","","","","","","","","","","","","","","","","","SS-LCBKIT-P-30","","","","","",
"255488829774","AMFGS1315","Firepits & Outdoor Fireplaces","","","","","American Fireglass","Stainless Steel","","","","","","","","","","","","","","","","","","","SS-LCBKIT-P-36","","","","","",
"255483875973","AMFGS1317","Firepits & Outdoor Fireplaces","","","","","American Fireglass","Stainless Steel","","","","","","","","","","","","","","","","","","","SS-LCBKIT-P-48","","","","","",
"255483843028","AMFGS1184","Firepits & Outdoor Fireplaces","","","","","American Fireglass","","","","","","","","","","","","","","","","","","","","SS-LCBMKIT-N-30","","","","","",
"255488773373","AMFGS1186","Firepits & Outdoor Fireplaces","","","","","American Fireglass","","","","","","","","","","","","","","","","","","","","SS-LCBMKIT-N-36","","","","","",
"265644586400","AMFGS1188","Firepits & Outdoor Fireplaces","","","","","American Fireglass","","","","","","","","","","","","","","","","","","","","SS-LCBMKIT-N-48","","","","","",
"255483846546","AMFGS1190","Firepits & Outdoor Fireplaces","","","","","American Fireglass","","","","","","","","","","","","","","","","","","","","SS-LCBMKIT-N-60","","","","","",
"255488696970","AMFGS1192","Firepits & Outdoor Fireplaces","","","","","American Fireglass","","","","","","","","","","","","","","","","","","","","SS-LCBMKIT-N-72","","","","","",
"265639702537","AMFGS1183","Firepits & Outdoor Fireplaces","","","","","American Fireglass","","","","","","","","","","","","","","","","","","","","SS-LCBMKIT-P-30","","","","","",
"255488766511","AMFGS1185","Firepits & Outdoor Fireplaces","","","","","American Fireglass","","","","","","","","","","","","","","","","","","","","SS-LCBMKIT-P-36","","","","","",
"255488750636","AMFGS1187","Firepits & Outdoor Fireplaces","","","","","American Fireglass","","","","","","","","","","","","","","","","","","","","SS-LCBMKIT-P-48","","","","","",
"265644613256","AMFGS1189","Firepits & Outdoor Fireplaces","","","","","American Fireglass","","","","","","","","","","","","","","","","","","","","SS-LCBMKIT-P-60","","","","","",
"255483648725","AMFGS1191","Firepits & Outdoor Fireplaces","","","","","American Fireglass","","","","","","","","","","","","","","","","","","","","SS-LCBMKIT-P-72","","","","","",
"255483922151","AMFGS1299","Firepits & Outdoor Fireplaces","","","","Round","American Fireglass","Stainless Steel","","","","","","","","","","","","","","","","","","","SS-RFPKIT-N-12","","","","","",
"265644487531","AMFGS1303","Firepits & Outdoor Fireplaces","","","","Round","American Fireglass","Stainless Steel","","","","","","","","","","","","","","","","","","","SS-RFPKIT-N-24","","","","","",
"255483656427","AMFGS1248","Firepits & Outdoor Fireplaces","","","","Round","American Fireglass","Stainless Steel","","","","","","","","","","","","","","","","","","","SS-RFPKIT-N-30","","","","","",
"265644517769","AMFGS1656","Firepits & Outdoor Fireplaces","","","","Round","American Fireglass","Stainless Steel","","","","","","","","","","","","","","","","","","","SS-RFPKIT-N-36","","","","","",
"265634314974","AMFGS1298","Firepits & Outdoor Fireplaces","","","","Round","American Fireglass","Stainless Steel","","","","","","","","","","","","","","","","","","","SS-RFPKIT-P-12","","","","","",
"265644606635","AMFGS1302","Firepits & Outdoor Fireplaces","","","","Round","American Fireglass","Stainless Steel","","","","","","","","","","","","","","","","","","","SS-RFPKIT-P-24","","","","","",
"255476957606","AMFGS1257","Firepits & Outdoor Fireplaces","","","","Round","American Fireglass","Stainless Steel","","","","","","","","","","","","","","","","","","","SS-RFPKIT-P-30","","","","","",
"255488822540","AMFGS1705","Firepits & Outdoor Fireplaces","","","","Round","American Fireglass","Stainless Steel","","","","","","","","","","","","","","","","","","","SS-RFPMKIT-N-12","","","","","",
"255476954236","AMFGS1709","Firepits & Outdoor Fireplaces","","","","Round","American Fireglass","Stainless Steel","","","","","","","","","","","","","","","","","","","SS-RFPMKIT-N-24","","","","","",
"255488727408","AMFGS1711","Firepits & Outdoor Fireplaces","","","","Round","American Fireglass","Stainless Steel","","","","","","","","","","","","","","","","","","","SS-RFPMKIT-N-30","","","","","",
"255483765147","AMFGS1713","Firepits & Outdoor Fireplaces","","","","Round","American Fireglass","Stainless Steel","","","","","","","","","","","","","","","","","","","SS-RFPMKIT-N-36","","","","","",
"255483785231","AMFGS1704","Firepits & Outdoor Fireplaces","","","","Round","American Fireglass","Stainless Steel","","","","","","","","","","","","","","","","","","","SS-RFPMKIT-P-12","","","","","",
"255483854794","AMFGS1706","Firepits & Outdoor Fireplaces","","","","Round","American Fireglass","Stainless Steel","","","","","","","","","","","","","","","","","","","SS-RFPMKIT-P-18","","","","","",
"255476937733","AMFGS1708","Firepits & Outdoor Fireplaces","","","","Round","American Fireglass","Stainless Steel","","","","","","","","","","","","","","","","","","","SS-RFPMKIT-P-24","","","","","",
"255483718578","AMFGS1710","Firepits & Outdoor Fireplaces","","","","Round","American Fireglass","Stainless Steel","","","","","","","","","","","","","","","","","","","SS-RFPMKIT-P-30","","","","","",
"255476946583","AMFGS1712","Firepits & Outdoor Fireplaces","","","","Round","American Fireglass","Stainless Steel","","","","","","","","","","","","","","","","","","","SS-RFPMKIT-P-36","","","","","",
"255488689827","AMFGS1297","Firepits & Outdoor Fireplaces","","","","Round","American Fireglass","Stainless Steel","","","","","","","","","","","","","","","","","","","SS-RSPKIT-N-19","","","","","",
"265644607559","AMFGS1296","Firepits & Outdoor Fireplaces","","","","Round","American Fireglass","Stainless Steel","","","","","","","","","","","","","","","","","","","SS-RSPKIT-P-19","","","","","",
"255488806094","AMFGS1701","Firepits & Outdoor Fireplaces","","","","Round","American Fireglass","Stainless Steel","","","","","","","","","","","","","","","","","","","SS-RSPMKIT-N-19","","","","","",
"265644602260","AMFGS1700","Firepits & Outdoor Fireplaces","Propane","","","Round","American Fireglass","Stainless Steel","","","19 in","","19 in","19 in","","19 in","19 in","19 in","","","","","","","","","SS-RSPMKIT-P-19","American Fireglass SS-RSPMKIT-P-19","","","","",
"265644510913","AMFGS1205","Firepits & Outdoor Fireplaces","","","","Square","American Fireglass","Stainless Steel","","","","","","","","","","","","","","","","","","","SS-SQPKIT-N-12","","","","","",
"265639592727","AMFGS1207","Firepits & Outdoor Fireplaces","","","","Square","American Fireglass","Stainless Steel","","","","","","","","","","","","","","","","","","","SS-SQPKIT-N-18","","","","","",
"265644524736","AMFGS1204","Firepits & Outdoor Fireplaces","","","","Square","American Fireglass","Stainless Steel","","","","","","","","","","","","","","","","","","","SS-SQPKIT-P-12","","","","","",
"265639510980","AMFGS1206","Firepits & Outdoor Fireplaces","","","","Square","American Fireglass","Stainless Steel","","","","","","","","","","","","","","","","","","","SS-SQPKIT-P-18","","","","","",
"265644517189","AMFGS1716","Firepits & Outdoor Fireplaces","","","","Square","American Fireglass","Stainless Steel","","","","","","","","","","","","","","","","","","","SS-SQPMKIT-N-12","","","","","",
"265639506129","AMFGS1718","Firepits & Outdoor Fireplaces","","","","Square","American Fireglass","Stainless Steel","","","","","","","","","","","","","","","","","","","SS-SQPMKIT-N-18","","","","","",
"265639768923","AMFGS1724","Firepits & Outdoor Fireplaces","","","","Square","American Fireglass","Stainless Steel","","","","","","","","","","","","","","","","","","","SS-SQPMKIT-N-36","","","","","",
"265639652131","AMFGS1230","Firepits & Outdoor Fireplaces","","","","Square","American Fireglass","Stainless Steel","","","","","","","","","","","","","","","","","","","SS-SQPMKIT-P-12","","","","","",
"255483907551","AMFGS1717","Firepits & Outdoor Fireplaces","","","","Square","American Fireglass","Stainless Steel","","","","","","","","","","","","","","","","","","","SS-SQPMKIT-P-18","","","","","",
"255483729547","AMFN1920","Firepits & Outdoor Fireplaces","","Outdoor","","","American Furniture Classics","","","","","","","","","","","","","","","","","","","","5502","","","","","",
"265639548588","AMFN1921","Firepits & Outdoor Fireplaces","","Outdoor","","","American Furniture Classics","","","","","","","","","","","","","","","","","","","","5503","","","","","",
"265639528504","AMFN1922","Firepits & Outdoor Fireplaces","","Outdoor","","","American Furniture Classics","","","","","","","","","","","","","","","","","","","","5505","","","","","",
"255483853752","ZX9PTPR016","Firepits & Outdoor Fireplaces","","","","","PatioPlus","","","","","","","","","","","","","","","","","","","","PA117263","","","","","",
"255863607356","AZPOH1096","Firepits & Outdoor Fireplaces","Propane","","","Round","AZ Patio Heaters","","","","","","","","","","","","","","","","","","","","AFP-FWT","","","","","",
"255863607457","AZPOH1099","Firepits & Outdoor Fireplaces","","","","Round","AZ Patio Heaters","","","","","","","","","","","","","","","","","","","","AFP-TTR","","","","","",
"265639521286","ZX9FTCN2073","Firepits & Outdoor Fireplaces","","","","","PerfectPatio","","","Black","","","","","","","","","","","","","","","","","PE1783038","","","","","",
"265639706708","ZX9PTPR007","Firepits & Outdoor Fireplaces","","","","","PatioPlus","","","","","","","","","","","","","","","","","","","","PA117257","","","","","",
"255483879387","MYRD1906569","Firepits & Outdoor Fireplaces","","","","","Blue Sky","","","Blue","","","","","","","","","","","","","","","","","BSKBFPNW2926","","","","","",
"255488674956","MYRD1906563","Firepits & Outdoor Fireplaces","","","","","Blue Sky","","","Blue","","","","","","","","","","","","","","","","","BSKPFP1513","","","","","",
"265644496580","MYRD1950933","Firepits & Outdoor Fireplaces","","","Poker","","Blue Sky","","","Blue","","","","","","","","","","","","","","","","","BSKPFP1513-C","","","","","",
"255483682241","MYRD1948389","Firepits & Outdoor Fireplaces","","","","","Blue Sky","","","Blue","","","","","","","","","","","","","","","","","BSKPFP2416","","","","","",
"255488687925","MYRD1906567","Firepits & Outdoor Fireplaces","","","Poker","","Blue Sky","","","Blue","","","","","","","","","","","","","","","","","BSKPFP2416-C","","","","","",
"255488732452","MYRD1950941","Firepits & Outdoor Fireplaces","","","","","Blue Sky","","","Blue","","","","","","","","","","","","","","","","","BSKWBFB29-MD","","","","","",
"255488735841","MYRD1950942","Firepits & Outdoor Fireplaces","","","","Square","Blue Sky","","","Blue","","","","","","","","","","","","","","","","","BSKWBFP28SQ-OD","","","","","",
"265639708207","MYRD1950943","Firepits & Outdoor Fireplaces","","","","Square","Blue Sky","","","Blue","","","","","","","","","","","","","","","","","BSKWBFP31SQ-GF","","","","","",
"255476939341","CRNN105","Firepits & Outdoor Fireplaces","Wood","","","","Curonian","Stainless Steel","","","","","","","","","","","","","","","","","","","63Rock","","","","","",
"255476955863","CRNN093","Firepits & Outdoor Fireplaces","Wood","","","","Curonian","Steel","","","","","","","","","","","","","","","","","","","63Tilsit","","","","","",
"255488732586","CRNN097","Firepits & Outdoor Fireplaces","Wood","","","","Curonian","Stainless Steel","","","","","","","","","","","","","","","","","","","79Jura","","","","","",
"265639786967","CRNN028","Firepits & Outdoor Fireplaces","Wood","","","","Curonian","Steel","","","","","","","","","","","","","","","","","","","FBFlame","","","","","",
"255488710214","CRNN026","Firepits & Outdoor Fireplaces","Wood","","","","Curonian","Steel","","","","","","","","","","","","","","","","","","","FBWitch","","","","","",
"255483802361","DECO1088","Firepits & Outdoor Fireplaces","Wood","Outdoor","","","Deeco","Steel","","","","","","","","","","","","","","","","","","","DM-4351","","","","","",
"265639672112","UNIF2004","Firepits & Outdoor Fireplaces","Gas","","","","Endless Summer","Steel","","","","","","","","","","","","","","","","","","","GAD1446ES","","","","","",
"265639674648","UNIF2006","Firepits & Outdoor Fireplaces","Gas","Outdoor","","","Endless Summer","","","","","","","","","","","","","","","","","","","","GAD15297ES","","","","","",
"265644627136","UNIF2008","Firepits & Outdoor Fireplaces","Gas","Outdoor","","Square","Endless Summer","","","","","","","","","","","","","","","","","","","","GAD15299ES","","","","","",
"265644474270","UNIF2009","Firepits & Outdoor Fireplaces","Gas","Outdoor","","Square","Endless Summer","","","","","","","","","","","","","","","","","","","","GAD15300ES","","","","","",
"255476954538","UNIF2001","Firepits & Outdoor Fireplaces","Gas","Outdoor","","","Endless Summer","","","","","","","","","","","","","","","","","","","","GAD15411SP","","","","","",
"255488658239","UNIF642","Firepits & Outdoor Fireplaces","Gas","Outdoor","","","Uniflame","","Medium","","","","","","","","","","","","","","","","","","GLT1332SP","","","","","",
"255483890191","UNIF2011","Firepits & Outdoor Fireplaces","Gas","Outdoor","","","Endless Summer","","","","","","","","","","","","","","","","","","","","GLT1356SP","","","","","",
"255488750812","UNIF616","Firepits & Outdoor Fireplaces","","Outdoor","","","Uniflame","","","","","Bronze","","","","","","","","","","","","","","","WAD1009SP","","","","","",
"265639808984","SSCH056","Firepits & Outdoor Fireplaces","","","","","Esschert Design USA","Metal","","","","","","","","","","","","","","","","","","","FF1002","","","","","",
"255488708086","SSCH090","Firepits & Outdoor Fireplaces","","","","","Esschert Design USA","Metal","","","","","","","","","","","","","","","","","","","FF1005","","","","","",
"255488691386","SSCH094","Firepits & Outdoor Fireplaces","","","","","Esschert Design USA","Metal","","","","","","","","","","","","","","","","","","","FF1009","","","","","",
"265639629684","SSCH095","Firepits & Outdoor Fireplaces","","","","","Esschert Design USA","Metal","","","","","","","","","","","","","","","","","","","FF1010","","","","","",
"255488814621","SSCH077","Firepits & Outdoor Fireplaces","","","","","Esschert Design USA","Metal","Large","","","","","","","","","","","","","","","","","","FF1013","","","","","",
"255483926570","SSCH113","Firepits & Outdoor Fireplaces","","","","","Esschert Design USA","Metal","Large","","","Metallic","","","","","","","","","","","","","","","FF1017","FF1017","","","","",
"265639740536","SSCH079","Firepits & Outdoor Fireplaces","","","","","Esschert Design USA","Metal","Large","","","","","","","","","","","","","","","","","","FF1021","","","","","",
"265644603825","SSCH082","Firepits & Outdoor Fireplaces","","","","","Esschert Design USA","Metal","Large","","","","","","","","","","","","","","","","","","FF1022","","","","","",
"265644498287","SSCH116","Firepits & Outdoor Fireplaces","","","","","Esschert Design USA","Metal","Large","","","","","","","","","","","","","","","","","","FF1024","","","","","",
"265639660779","SSCH047","Firepits & Outdoor Fireplaces","Wood","","","","Esschert Design USA","Metal","Small","","","","","","","","","","","","","","","","","","FF169","","","","","",
"255488710126","SSCH018","Firepits & Outdoor Fireplaces","","","","","Esschert Design USA","Cast Iron","Extra Large","Black","","","","","","","","","","","","","","","","","FF90","FF90","","","","",
"265639799198","ZX9TWST6946","Firepits & Outdoor Fireplaces","","","","","PerfectPatio","","","","","","","","","","","","","","","","","","","","PE1630992","","","","","",
"265639518852","ZX9FTCN2072","Firepits & Outdoor Fireplaces","","","","","PerfectPatio","","","Black","","","","","","","","","","","","","","","","","PE1774609","","","","","",
"255488830978","MYRD1950674","Firepits & Outdoor Fireplaces","Gas","","","","GHP","","","","","","","","","","","","","","","","","","","","DGLOFG901T","","","","","",
"265644494446","MYRD1952671","Firepits & Outdoor Fireplaces","","","","","GHP Group","","","","","","","","","","","","","","","","","","","","DGLOFW307R","","","","","",
"255483765917","ZX9ALMO13727","Firepits & Outdoor Fireplaces","","Outdoor","","","Cuadrilatero","Steel","","","","","","","","","","","","","","","","","","","CU1680928","","","","","",
"265644473813","HHLD135","Firepits & Outdoor Fireplaces","Propane","Outdoor","","","Heininger","","","","","","","","","","","","","","","","","","","","5995","","","","","",
"265644489877","ZX9CRNN097","Firepits & Outdoor Fireplaces","Wood","","","","GreenGrass","Stainless Steel","","","","","","","","","","","","","","","","","","","GR1725154","","","","","",
"255483648583","ACHR154967","Firepits & Outdoor Fireplaces","Wood","","","Round","Living Accents","Stainless Steel","","","","","","","","","","","","","","","","","","","4003578","","","","","",
"255488837249","ACHR155531","Firepits & Outdoor Fireplaces","Wood","","","Square","Living Accents","Steel","","","","","","","","","","","","","","","","","","","4003579","","","","","",
"265644615381","ACHR152198","Firepits & Outdoor Fireplaces","Propane","","","Square","Living Accents","","","","","","","","","","","","","","","","","","","","4794053","","","","","",
"265639544803","ACHR147073","Firepits & Outdoor Fireplaces","Wood","","","Square","Living Accents","Steel","","","","","","","","","","","","","","","","","","","4903852","","","","","",
"255476911651","ZX9UNIF674","Firepits & Outdoor Fireplaces","Gas","Outdoor","","","GrillTown","","","","","Slate","","","","","","","","","","","","","","","GR139884","","","","","",
"255483896588","ZX9UNIF705","Firepits & Outdoor Fireplaces","Gas","Outdoor","","","GrillTown","Steel","","","","","","","","","","","","","","","","","","","GR30847","","","","","",
"255483939980","ZX9UNIFL009","Firepits & Outdoor Fireplaces","Gas","Outdoor","","","PatioPlus","","","","","","","","","","","","","","","","","","","","PA30849","","","","","",
"255488717136","ZX9PTN029","Firepits & Outdoor Fireplaces","","","","","PatioPlus","","","","","","","","","","","","","","","","","","","","PA808950","","","","","",
"265644504103","ALMO13724","Firepits & Outdoor Fireplaces","","Outdoor","","","Mod Furniture","Metal","","Black","","","","","","","","","","","","","","","","","FLAME1PCFP","","","","","",
"255483769765","ALMO13726","Firepits & Outdoor Fireplaces","","Outdoor","","","Mod Furniture","Steel","","","","","","","","","","","","","","","","","","","HARPER1PCFP","","","","","",
"265644559956","ALMO13727","Firepits & Outdoor Fireplaces","","Outdoor","","","Mod Furniture","Steel","","","","","","","","","","","","","","","","","","","HEATSIDE1PCFP","","","","","",
"265644644375","ZX9UNIF644","Firepits & Outdoor Fireplaces","","Outdoor","","","GrillTown","","","","","Bronze","","","","","","","","","","","","","","","GR139874","","","","","",
"255483799160","ZX9UNIF616","Firepits & Outdoor Fireplaces","","Outdoor","","","GrillTown","","","","","Bronze","","","","","","","","","","","","","","","GR139870","","","","","",
"255476988670","AMFN1919","Firepits & Outdoor Fireplaces","","Outdoor","","Square","Outdoor Leisure","Steel","","","","","","","","","","","","","","","","","","","5501","","","","","",
"255488770959","PTN092","Firepits & Outdoor Fireplaces","","","","","Patina","","","","","","","","","","","","","","","","","","","","F128","","","","","",
"265644628435","PTPR001","Firepits & Outdoor Fireplaces","","","","","Patina Products","","","","","","","","","","","","","","","","","","","","F100","","","","","",
"265639673592","PTPR002","Firepits & Outdoor Fireplaces","","","","","Patina Products","","","","","","","","","","","","","","","","","","","","F101","","","","","",
"255488752572","PTN028","Firepits & Outdoor Fireplaces","","","","","Patina Products","","","","","","","","","","","","","","","","","","","","F102","","","","","",
"265639698472","PTPR004","Firepits & Outdoor Fireplaces","","","","","Patina Products","","","","","","","","","","","","","","","","","","","","F104","","","","","",
"255483949567","PTPR010","Firepits & Outdoor Fireplaces","","","","","Patina Products","","","","","","","","","","","","","","","","","","","","F110","","","","","",
"255488733086","PTPR012","Firepits & Outdoor Fireplaces","","","","","Patina Products","","","","","","","","","","","","","","","","","","","","F112","","","","","",
"255488691285","PTPR013","Firepits & Outdoor Fireplaces","","","","","Patina Products","","","","","","","","","","","","","","","","","","","","F113","","","","","",
"255476971966","PTPR016","Firepits & Outdoor Fireplaces","","","","","Patina Products","","","","","","","","","","","","","","","","","","","","F116","","","","","",
"255476971760","PTPR017","Firepits & Outdoor Fireplaces","","","","","Patina Products","","","","","","","","","","","","","","","","","","","","F117","","","","","",
"255476968330","PTN029","Firepits & Outdoor Fireplaces","","","","","Patina Products","","","","","","","","","","","","","","","","","","","","F120","","","","","",
"255476952863","PTN030","Firepits & Outdoor Fireplaces","","","","","Patina Products","","","","","","","","","","","","","","","","","","","","F124","","","","","",
"255476947097","PTN033","Firepits & Outdoor Fireplaces","","","","","Patina Products","","","","","","","","","","","","","","","","","","","","F203","","","","","",
"255476971612","PTN035","Firepits & Outdoor Fireplaces","","","","","Patina Products","","","","","","","","","","","","","","","","","","","","F213","","","","","",
"255488818771","PTPR028","Firepits & Outdoor Fireplaces","","","","","Patina Products","","","","","","","","","","","","","","","","","","","","F215","","","","","",
"255483694443","PTPR030","Firepits & Outdoor Fireplaces","","","","","Patina Products","","","","","","","","","","","","","","","","","","","","F217","","","","","",
"265644507749","PTPR031","Firepits & Outdoor Fireplaces","","","","","Patina Products","","","","","","","","","","","","","","","","","","","","F218","","","","","",
"255483663340","PTN036","Firepits & Outdoor Fireplaces","","","","","Patina Products","","","","","","","","","","","","","","","","","","","","F219","","","","","",
"265639657959","PTN037","Firepits & Outdoor Fireplaces","","","","","Patina Products","","","","","","","","","","","","","","","","","","","","F232","","","","","",
"265639655940","PTN038","Firepits & Outdoor Fireplaces","","","","","Patina Products","","","","","","","","","","","","","","","","","","","","F233","","","","","",
"255483919051","PTN039","Firepits & Outdoor Fireplaces","","","","","Patina Products","","","","","","","","","","","","","","","","","","","","F235","","","","","",
"265634275183","PTN040","Firepits & Outdoor Fireplaces","","","","","Patina Products","","","","","","","","","","","","","","","","","","","","F236","","","","","",
"255488848594","PTN041","Firepits & Outdoor Fireplaces","","","","","Patina Products","","","","","","","","","","","","","","","","","","","","F237","","","","","",
"255488733747","PTN042","Firepits & Outdoor Fireplaces","","","","","Patina Products","","","","","","","","","","","","","","","","","","","","F238","","","","","",
"255488657921","PTN043","Firepits & Outdoor Fireplaces","","","","","Patina Products","","","","","","","","","","","","","","","","","","","","F239","","","","","",
"265639801318","PTN044","Firepits & Outdoor Fireplaces","","","","","Patina Products","","","","","","","","","","","","","","","","","","","","F240","","","","","",
"265639772400","PTN045","Firepits & Outdoor Fireplaces","","","","","Patina Products","","","","","","","","","","","","","","","","","","","","F241","","","","","",
"265644490729","PTN046","Firepits & Outdoor Fireplaces","","","","","Patina Products","","","","","","","","","","","","","","","","","","","","F242","","","","","",
"255476924865","PTN047","Firepits & Outdoor Fireplaces","","","","","Patina Products","","","","","","","","","","","","","","","","","","","","F243","","","","","",
"255488694862","PTN049","Firepits & Outdoor Fireplaces","","","","","Patina Products","","","","","","","","","","","","","","","","","","","","F246","","","","","",
"255476998172","PTN050","Firepits & Outdoor Fireplaces","","","","","Patina Products","","","","","","","","","","","","","","","","","","","","F247","","","","","",
"265634313694","PTN051","Firepits & Outdoor Fireplaces","","","","","Patina Products","","","","","","","","","","","","","","","","","","","","F248","","","","","",
"265644570281","PTN053","Firepits & Outdoor Fireplaces","","","","","Patina Products","","","","","","","","","","","","","","","","","","","","F400","","","","","",
"255483699328","PTN054","Firepits & Outdoor Fireplaces","","","","","Patina Products","","","","","","","","","","","","","","","","","","","","F401","","","","","",
"265644629592","PTN055","Firepits & Outdoor Fireplaces","","","","","Patina Products","","","","","","","","","","","","","","","","","","","","F402","","","","","",
"265639815938","PTN056","Firepits & Outdoor Fireplaces","","","","","Patina Products","","","","","","","","","","","","","","","","","","","","F403","","","","","",
"255476996024","PTN058","Firepits & Outdoor Fireplaces","","","","","Patina Products","","","","","","","","","","","","","","","","","","","","F405","","","","","",
"255488828992","PTN059","Firepits & Outdoor Fireplaces","","","","","Patina Products","","","","","","","","","","","","","","","","","","","","F406","","","","","",
"265634297727","PTN060","Firepits & Outdoor Fireplaces","","","","","Patina Products","","","","","","","","","","","","","","","","","","","","F409","","","","","",
"255488799487","PTN062","Firepits & Outdoor Fireplaces","","","","","Patina Products","","","","","","","","","","","","","","","","","","","","F411","","","","","",
"265639669375","PTN063","Firepits & Outdoor Fireplaces","","","","","Patina Products","","","","","","","","","","","","","","","","","","","","F412","","","","","",
"265639744205","PTN064","Firepits & Outdoor Fireplaces","","","","","Patina Products","","","","","","","","","","","","","","","","","","","","F414","","","","","",
"265634297817","PTN065","Firepits & Outdoor Fireplaces","","","","","Patina Products","","","","","","","","","","","","","","","","","","","","F423","","","","","",
"255483879813","PTN066","Firepits & Outdoor Fireplaces","","","","","Patina Products","","","","","","","","","","","","","","","","","","","","F425","","","","","",
"255488845067","PTN067","Firepits & Outdoor Fireplaces","","","","","Patina Products","","","","","","","","","","","","","","Mexico","","","","","","F426","","","","","",
"265644595550","PTN068","Firepits & Outdoor Fireplaces","","","","","Patina Products","","","","","","","","","","","","","","","","","","","","F428","","","","","",
"265644525135","PTN069","Firepits & Outdoor Fireplaces","","","","","Patina Products","","","","","","","","","","","","","","","","","","","","F429","","","","","",
"265639738732","PTN071","Firepits & Outdoor Fireplaces","","","","","Patina Products","","","","","","","","","","","","","","","","","","","","F431","","","","","",
"265644477759","PTN072","Firepits & Outdoor Fireplaces","","","","","Patina Products","","","","","","","","","","","","","","","","","","","","F432","","","","","",
"265639561651","PTN073","Firepits & Outdoor Fireplaces","","","","","Patina Products","","","","","","","","","","","","","","Mexico","","","","","","F435","","","","","",
"265634261021","PTN074","Firepits & Outdoor Fireplaces","","","","","Patina Products","","","","","","","","","","","","","","","","","","","","F438","","","","","",
"265639765201","PTN075","Firepits & Outdoor Fireplaces","","","","","Patina Products","","","","","","","","","","","","","","Georgia","","","","","","F447","","","","","",
"265639531609","PTN076","Firepits & Outdoor Fireplaces","","","","","Patina Products","","","","","","","","","","","","","","","","","","","","F460","","","","","",
"265634275811","PTN077","Firepits & Outdoor Fireplaces","","","","","Patina Products","","","","","","","","","","","","","","","","","","","","F461","","","","","",
"265644475018","PTN078","Firepits & Outdoor Fireplaces","","","","","Patina Products","","","","","","","","","","","","","","","","","","","","F464","","","","","",
"265644472455","PTN079","Firepits & Outdoor Fireplaces","","","","","Patina Products","","","","","","","","","","","","","","","","","","","","F468","","","","","",
"265639713559","PTN080","Firepits & Outdoor Fireplaces","","","","","Patina Products","","","","","","","","","","","","","","","","","","","","F469","","","","","",
"265639570706","PTN081","Firepits & Outdoor Fireplaces","","","","","Patina Products","","","","","","","","","","","","","","","","","","","","F470","","","","","",
"255483886250","PTN082","Firepits & Outdoor Fireplaces","","","","","Patina Products","","","","","","","","","","","","","","","","","","","","F471","","","","","",
"265644638719","PTN083","Firepits & Outdoor Fireplaces","","","","","Patina Products","","","","","","","","","","","","","","","","","","","","F472","","","","","",
"255483696029","PTN084","Firepits & Outdoor Fireplaces","","","","","Patina Products","","","","","","","","","","","","","","","","","","","","F473","","","","","",
"265639696090","PTN085","Firepits & Outdoor Fireplaces","","","","","Patina Products","","","","","","","","","","","","","","United States","","","","","","F474","","","","","",
"265644598177","PTN086","Firepits & Outdoor Fireplaces","","","","","Patina Products","","","","","","","","","","","","","","","","","","","","F475","","","","","",
"255483686331","PTN087","Firepits & Outdoor Fireplaces","","","","","Patina Products","","","","","","","","","","","","","","","","","","","","F476","","","","","",
"265639703828","PTN088","Firepits & Outdoor Fireplaces","","","","","Patina Products","","","","","","","","","","","","","","","","","","","","F477","","","","","",
"265644627408","JNSN47862","Firepits & Outdoor Fireplaces","","","","","Patina Products","","","","","","","","","","","","","","","","","","","","F231","","","","","",
"265639651448","JNSN47865","Firepits & Outdoor Fireplaces","","","","","Patina Products","","","","","","","","","","","","","","","","","","","","F249","","","","","",
"255488804016","JNSN47866","Firepits & Outdoor Fireplaces","","","","","Patina Products","","","","","","","","","","","","","","","","","","","","F216","","","","","",
"265634276662","TRDMR55557","Firepits & Outdoor Fireplaces","Wood","","","Square","Pure Garden","","","","","","","","","","","","","","","","","","","","50-104","","","","","",
"265639505998","TRDMR52779","Firepits & Outdoor Fireplaces","Wood","","","","Pure Garden","","","","","","","","","","","","","","","","","","","","50-155","","","","","",
"255476988236","ZX9PTPR013","Firepits & Outdoor Fireplaces","","","","","PatioPlus","","","","","","","","","","","","","","","","","","","","PA117261","","","","","",
"255488828679","TRVAL128002","Firepits & Outdoor Fireplaces","Gas","","","Square","Shinerich","","","","","","","","","","","","","","","","","","","","270086","","","","","",
"265639803005","TRVAL124643","Firepits & Outdoor Fireplaces","","","","Round","Shinerich industrial","","","","","","","","","","","","","","","","","","","","258362","","","","","",
"255488782154","TRVAL124644","Firepits & Outdoor Fireplaces","","","","","Shinerich industrial","","","","","","","","","","","","","","","","","","","","258363","","","","","",
"255483954541","ZX9PTPR028","Firepits & Outdoor Fireplaces","","","","","PatioPlus","","","","","","","","","","","","","","","","","","","","PA117266","","","","","",
"255488779513","ACHR151142","Firepits & Outdoor Fireplaces","Propane","","","","TK Products","","","","","","","","Tabletop","","","","","","","","","","","","4003465","","","","","",
"265639720934","ZX9PTN034","Firepits & Outdoor Fireplaces","","","","","PatioPlus","","","","","","","","","","","","","","","","","","","","PA935130","","","","","",
