Item Id,SKU,Type,Application,Brand,Material,Finish,Color,Style,Suitable For,Room,Features,Item Depth,Item Width,Year Manufactured,Item Height,Model,Country/Region of Manufacture,Custom Bundle,Bundle Description,Item Weight,MPN,California Prop 65 Warning,
"255541663706","UTTERMST03777","Fireplaces","Fireplace","212 Main","","","","Modern","","","","","","","","","","","","","20072","",
"255725124040","ZX9CRNN044","Fireplaces","","Puesta En Escena","Stainless Steel","","","","","","","","","","","","","","","","PU2558024","",
"265896975788","ZX9DGNL1367","Fireplaces","","Accesorios","","","Black","","","","","","","","","","","","","","AC2564933","",
"265887650741","ZX9DGNL1037","Fireplaces","","Accesorios","","","Black","","","","","","","","","","","","","","AC2564817","",
"265887848098","ZX9DGNL1147","Fireplaces","","Accesorios","Iron","","Black","","","","","","","","","","","","","","AC2564866","",
"255737697884","ZX9DSD458431","Fireplaces","","BluePrints","Iron","","Black","","","","","","","","","","","","","","BL2566992","",
"265897068906","ZX9UNIF206","Fireplaces","","BluePrints","Iron","","Black","","","","","","","","","","","","","","BL2674773","",
"265690660533","ZX9DSD458436","Fireplaces","","BluePrints","Iron","","Black","","","","","","","","","","","","","","BL63334","",
"265669118233","ZX9UNIF649","Fireplaces","","BluePrints","Iron","","Black","","","","","","","","","","","","","","BL139876","",
"265680061303","ZX9UNIF239","Fireplaces","","BluePrints","Iron","","Black","","","","","","","","","","","","","","BL139844","",
"255724906508","ZX9DSD458432","Fireplaces","","BluePrints","Iron","","Black","","","","","","","","","","","","","","BL2566993","",
"265897139707","ZX9DSD458433","Fireplaces","","BluePrints","Iron","","Black","","","","","","","","","","","","","","BL2566994","",
"265883910112","ZX9UNIF596","Fireplaces","","BluePrints","Iron","","Black","","","","","","","","","","","","","","BL2674785","",
"265887609166","ZX9DGNL1079","Fireplaces","","Accesorios","Nickel","Nickel","","","","","","","","","","","","","","","AC2564835","",
"255541765864","ZX9DSD458423","Fireplaces","","BluePrints","","","Black","","","","","","","","","","","","","","BL766588","",
"265897124738","ZX9UNIF605","Fireplaces","","BluePrints","","","","","","","","","","","","","","","","","BL2674787","",
"265665584418","ZX9UNIF251","Fireplaces","","BluePrints","Bronze","Bronze","","","","","","","","","","","","","","","BL139846","",
"255728675268","ZX9UNIF220","Fireplaces","","BluePrints","Copper","Antique","","Antique","","","","","","","","","","","","","BL2674774","",
"265669222221","ZX9DSD458440","Fireplaces","","BluePrints","Iron","","Black","","","","","","","","","","","","","","BL63335","",
"265673942581","ZX9UNIF1943","Fireplaces","","BluePrints","","","","","","","","","","","","","","","","","BL1637442","",
"255529062470","ZX9FTCN2018","Fireplaces","","LovelyHome","Nickel","Nickel","","","","","","","","","","","","","","","LO1070929","",
"255737678422","ZX9DDDSD527714","Fireplaces","","BluePrints","Iron","","","","","","","","","","","","","","","","BL2217707","",
"265897180995","ZX9CUIC8847","Fireplaces","","Vecindario","","","Black","","","","","","","","","","","","","","VE1721803","",
"265884035684","ZX9UNIF280","Fireplaces","","BluePrints","Aluminum","Bronze","","","","","","","","","","","","","","","BL2674775","",
"255728593150","ZX9DSD458424","Fireplaces","","BluePrints","","","Black","","","","","","","","","","","","","","BL2566991","",
"255509876315","ZX9CUIC5846","Fireplaces","","Mobiliario","Stainless Steel","","","","","","","","","","","","","","","","MO1718721","",
"255539183776","ZX9CUIC5687","Fireplaces","","Mobiliario","Stainless Steel","","","","","","","","","","","","","","","","MO1717984","",
"255528901026","ACHR133236","Fireplaces","","Amerimax","Aluminum","","Silver","","","","","","","","","","","","","","5994892","",
"265669431108","ZX9SPIHM231","Fireplaces","","Ricki\'s Rugs","","","","","","","","","","","","","","","","","RI789295","",
"255541801334","UNIF631","Fireplaces","","Blue Rhino","Bronze","Bronze","Blue","","","","","","","","","","","","","","S-1642","",
"265698022915","UNIF629","Fireplaces","","Blue Rhino","Iron","Antique","Blue","Antique","","","","","","","","","","","","","S-1692","",
"255737677538","ZX9UNIF1902","Fireplaces","Fireplace","BluePrints","Bronze","Bronze","","","","","","","","","","","","","","","BL2674760","",
"255513150187","ZX9KSMN1019","Fireplaces","","Plano","","","","","","","","","","","","","","","","","PL1802135","",
"255523963774","CRNN044","Fireplaces","","Curonian","Stainless Steel","","","","","","","","","","","","","","","","Screen63SS","",
"265695182845","ZX9UNIF1881","Fireplaces","","BluePrints","","","Black","","","","","","","","","","","","","","BL139834","",
"255513114328","ZX9CUIC5811","Fireplaces","Fireplace","Mobiliario","","","Black","","","","","","","","","","","","","","MO1718459","",
"265896862352","CUIC6515","Fireplaces","","Empire","Glass","Glass","Black","","","","","","","","","","","","","","BVX3BL","",
"265669447338","CUIC5799","Fireplaces","","Empire","","","Black","","","","","","","","","","","","","","DVDB36CBL","",
"255541791609","CUIC5814","Fireplaces","Fireplace","Empire","","","Black","","","","","","","","","","","","","","DVFB36SBL","",
"265684578156","CUIC5763","Fireplaces","Fireplace","Empire","","","Black","","","","","","","","","","","","","","DVFB36SPBL","",
"265695149560","CUIC5813","Fireplaces","Fireplace","Empire","","","Black","","","","","","","","","","","","","","DVFB36TBL","",
"255534596529","CUIC5812","Fireplaces","Fireplace","Empire","","","Black","","","","","","","","","","","","","","DVFB42TBL","",
"255489101396","CUIC5811","Fireplaces","Fireplace","Empire","","","Black","","","","","","","","","","","","","","DVFB48TBL","",
"255575097647","CUIC5780","Fireplaces","","Empire","","Matte","","","","","","","","","","","","","","","DVRB3MBL","",
"255529051625","CUIC5805","Fireplaces","","Empire","","","Black","","","","","","","","","","","","","","DVWB3BL","",
"265674038111","CUIC6425","Fireplaces","","Empire","","","Black","","","","","","","","","","","","","","VBY42GBL","",
"255517994583","CUIC6466","Fireplaces","Fireplace","Empire","","","Black","","","","","","","","","","","","","","VFR32SMBL","",
"265644835309","CUIC6454","Fireplaces","","Empire","","","Black","","","","","","","","","","","","","","VFR36SMBL","",
"255528821783","CUIC6432","Fireplaces","","Empire","","","Black","","","","","","","","","","","","","","VFY32SBL","",
"255513217720","CUIC6431","Fireplaces","Fireplace","Empire","","","Black","","","","","","","","","","","","","","VFY36SBL","",
"265665295270","CUIC6113","Fireplaces","","Empire","Stainless Steel","","","","","","","","","","","","","","","","WD36SS","",
"265669442783","CUIC5846","Fireplaces","","Empire","Stainless Steel","","","","","","","","","","","","","","","","WD48LSS","",
"255534747270","CUIC5687","Fireplaces","","Empire","Stainless Steel","","","","","","","","","","","","","","","","WD60LSS","",
"255488954799","ZX9CUIC5812","Fireplaces","Fireplace","Mobiliario","","","Black","","","","","","","","","","","","","","MO1721447","",
"265680051694","ZX9CUIC5763","Fireplaces","Fireplace","Mobiliario","","","Black","","","","","","","","","","","","","","MO2107195","",
"255539025276","KGSM126","Fireplaces","","Kingsman","","","Black","","","","","","","","","","","","","","F451SDSBL","",
"265669445943","KSMN1019","Fireplaces","","Kinsman","","","","","","","","","","","","","","","","","AGOGEE","",
"265896981370","ZX9DGNL1353","Fireplaces","","Accesorios","","","Black","","","","","","","","","","","","","","AC2204184","",
"255524009909","CUIC7650","Fireplaces","","Majestic","","","","","","","","","","","","","","","","","53914SC-R","",
"265690607380","CUIC8847","Fireplaces","","Majestic","","","Black","","","","","","","","","","","","","","CSFI30BK","",
"265695184153","CUIC8918","Fireplaces","","Majestic","Glass","Glass","Black","","","","","","","","","","","","","","DM1042","",
"255541647568","CUIC8927","Fireplaces","","Majestic","Glass","Glass","Black","","","","","","","","","","","","","","DM6036","",
"255728591906","CUIC9222","Fireplaces","Fireplace","Majestic Fireplace Products","","","","","","","","","","","","","","","","","FSMQ42STCH","",
"255513277034","CPP16667","Fireplaces","Fireplace","Minuteman","Iron","","","","","","","","","","","","","","","","3576970","",
"265887570967","TWST9337","Fireplaces","Fireplace","Minuteman","","","","","","","","","","","","","","","","","SA-4433","",
"255518083951","CUIC9229","Fireplaces","","Monessen","","","Black","","","","","","","","","","","","","","FS-TWI-BK","",
"255513359061","FTCN2018","Fireplaces","","Napa Forge","Nickel","Nickel","","","","","","","","","","","","","","","19224","",
"255524027973","ZX9UNIF1882","Fireplaces","","BluePrints","Iron","","","","","","","","","","","","","","","","BL139835","",
"265897093940","ZX9DGNL1382","Fireplaces","","Accesorios","Glass","Glass","","","","","","","","","","","","","","","AC2564939","",
"265679926762","ZX9SPIHM239","Fireplaces","Fireplace","Ricki\'s Rugs","","","","","","","","","","","","","","","","","RI789296","",
"265697895533","ZX9CUIC5799","Fireplaces","","Mobiliario","","","Black","","","","","","","","","","","","","","MO1721446","",
"265669176292","CPP21517","Fireplaces","","SBI","","","","","","","","","","","","","","","","","3606714","",
"255528762367","ZX9UNIF1884","Fireplaces","","BluePrints","Copper","Antique","","Antique","","","","","","","","","","","","","BL932984","",
"255725050284","ZX9UNIF209","Fireplaces","","BluePrints","Iron","","Black","","","","","","","","","","","","","","BL2017548","",
"255728776512","ZX9DSD458439","Fireplaces","","BluePrints","Iron","","Black","","","","","","","","","","","","","","BL2566996","",
"265887816199","ZX9UNIF671","Fireplaces","","BluePrints","Iron","","Black","","","","","","","","","","","","","","BL2674792","",
"265887621475","ZX9UNIF669","Fireplaces","","BluePrints","Iron","","Black","","","","","","","","","","","","","","BL2674791","",
"265695274180","ZX9UNIF668","Fireplaces","","BluePrints","Iron","","Black","","","","","","","","","","","","","","BL139882","",
"255524036032","ZX9UNIF193","Fireplaces","","BluePrints","Iron","","Black","","","","","","","","","","","","","","BL139839","",
"255725024679","ZX9UNIF210","Fireplaces","","BluePrints","Iron","","Black","","","","","","","","","","","","","","BL139843","",
"255518090518","ZX9UNIF1893","Fireplaces","","BluePrints","Aluminum","Bronze","","","","","","","","","","","","","","","BL578592","",
"265884108184","ZX9UNIF1885","Fireplaces","","BluePrints","Bronze","Bronze","","","","","","","","","","","","","","","BL2674754","",
"255509945171","ZX9UNIF631","Fireplaces","","H2H","Bronze","Bronze","","","","","","","","","","","","","","","H2832233","",
"255534566334","ZX9UNIF197","Fireplaces","","BluePrints","Iron","","Black","","","","","","","","","","","","","","BL139841","",
"265684733523","ZX9UNIF255","Fireplaces","","BluePrints","Bronze","Bronze","","","","","","","","","","","","","","","BL139847","",
"265684771213","ZX9UNIF245","Fireplaces","","BluePrints","Pewter","","","","","","","","","","","","","","","","BL139845","",
"255489019538","ZX9DDDSD527710","Fireplaces","","BluePrints","Iron","","","","","","","","","","","","","","","","BL635312","",
"265680066270","ZX9DDDSD527712","Fireplaces","","BluePrints","Iron","","","","","","","","","","","","","","","","BL1529803","",
"255725159943","ZX9DSD458438","Fireplaces","","BluePrints","Iron","","","","","","","","","","","","","","","","BL2566995","",
"255518214090","ZX9UNIF1901","Fireplaces","","BluePrints","Iron","","Black","","","","","","","","","","","","","","BL607484","",
"255728651387","ZX9UNIF1883","Fireplaces","","BluePrints","Iron","","","","","","","","","","","","","","","","BL2674753","",
"255509744918","SPIHM231","Fireplaces","","SPI Home","","","","","","","","","","","","","","","","","33488","",
"255528834747","SPIHM239","Fireplaces","Fireplace","SPI Home","","","","","","","","","","","","","","","","","55321","",
"265897112836","ZX9DGNL1311","Fireplaces","Stove","Accesorios","","","Black","","","","","","","","","","","","","","AC2564914","",
"265644773565","DSD458440","Fireplaces","","Uniflame","Iron","","Black","","","","","","","","","","","","","","S-1015","",
"255489025739","UNIF596","Fireplaces","","Uniflame","Iron","","Black","","","","","","","","","","","","","","S-1023","",
"265674112353","UNIF1901","Fireplaces","","Uniflame","Iron","","Black","","","","","","","","","","","","","","S-1025","",
"265690579944","UNIF197","Fireplaces","","Uniflame","Iron","","Black","","","","","","","","","UniFlame S-1042","","","","","S-1042","",
"265644764939","UNIF669","Fireplaces","","Uniflame","Iron","","Black","","","","","","","","","","","","","","S-1044","",
"265690735905","UNIF671","Fireplaces","","Uniflame","Iron","","Black","","","","","","","","","","","","","","S-1046","",
"255534648567","DSD458439","Fireplaces","","Uniflame","Iron","","Black","","","","","","","","","UniFlame S-1062","","","","","S-1062","",
"265697868402","UNIF649","Fireplaces","","Uniflame","Iron","","Black","","","","","","","","","","","","","","S-1066","",
"255509896254","UNIF206","Screen","Fireplace","UniFlame","Wrought Iron,Steel","","Black","Modern & Contemporary","Indoor","","Folding","1 in","51.5 in","","31 in","S1088","","","","15 lb","S1088","",
"255737700962","UNIF209","Fireplaces","","Uniflame","Iron","","Black","","","","","","","","","","","","","","S-1096","",
"265644863812","DSD458438","Fireplaces","","Uniflame","Iron","","","","","","","","","","","UniFlame S-1142","","","","","S-1142","",
"265695194697","DDDSD527712","Fireplaces","","Uniflame","Iron","","","","","","","","","","","UniFlame S-1158","","","","","S-1158","",
"265665490541","DDDSD527714","Fireplaces","","Uniflame","Iron","","","","","","","","","","","","","","","","S-1172","",
"255539026592","DSD458436","Fireplaces","","UniFlame","Polyethylene,Wrought Iron,Iron,Steel","","Black","Contemporary","","","","","","","","","","","","","S1178","",
"265674193762","UNIF1884","Fireplaces","","Uniflame","Copper","Antique","","Antique","","","","","","","","","","","","","S-1301","",
"265697972499","UNIF220","Fireplaces","","Uniflame","Copper","Antique","","Antique","","","","","","","","","","","","","S-1307","",
"265684774022","DSD458433","Fireplaces","","Uniflame","Iron","","Black","","","","","","","","","","","","","","S-1504","",
"265690780289","DSD458432","Fireplaces","","Uniflame","Iron","","Black","","","","","","","","","","","","","","S-1505","",
"255518035102","DSD458431","Fireplaces","","Uniflame","Iron","","Black","","","","","","","","","","","","","","S-1506","",
"255539197878","UNIF239","Fireplaces","","Uniflame","Iron","","Black","","","","","","","","","UniFlame S-1507","","","","","S-1507","",
"265644837929","UNIF245","Fireplaces","","Uniflame","Pewter","","","","","","","","","","","","","","","","S-1613","",
"255513030005","UNIF1902","Fireplaces","Fireplace","Uniflame","Bronze","Bronze","","","","","","","","","","","","","","","S-1615","",
"255518002461","UNIF1885","Fireplaces","","Uniflame","Bronze","Bronze","","","","","","","","","","","","","","","S-1632","",
"255509649278","UNIF251","Fireplaces","","Uniflame","Bronze","Bronze","","","","","","","","","","","","","","","S-1645","",
"265679897784","UNIF605","Fireplaces","","Uniflame","","","","","","","","","","","","","","","","","S-2730","",
"255528820057","DSD458424","Fireplaces","","Uniflame","","","Black","","","","","","","","","","","","","","S-3650","",
"265644657336","DSD458423","Fireplaces","","Uniflame","","","Black","","","","","","","","","","","","","","S-3652","",
"265669457167","UNIF267","Fireplaces","","Uniflame","","","Black","","","","","","","","","","","","","","S-3655","",
"255539125293","UNIF272","Fireplaces","","Uniflame","Aluminum","Antique","Gold","Antique","","","","","","","","","","","","","S-5502","",
"255518176464","UNIF280","Fireplaces","","Uniflame","Aluminum","Bronze","","","","","","","","","","","","","","","S-5804","",
"255534647573","UNIF1893","Fireplaces","","Uniflame","Aluminum","Bronze","","","","","","","","","","","","","","","S-5812","",
"265695170052","UNIF1882","Fireplaces","","Uniflame","Iron","","","","","","","","","","","","","","","","S-6760","",
"265697897810","UNIF1883","Fireplaces","","Uniflame","Iron","","","","","","","","","","","","","","","","S-6762","",
"255539079406","UNIF1881","Fireplaces","","Uniflame","","","Black","","","","","","","","","","","","","","S-6957","",
"265695275081","UTRMST5341","Fireplaces","Fireplace","Uttermost","","","","","","","","","","","","","","","","","17982","",
"265897093033","ZX9DGNL1281","Fireplaces","","Accesorios","Wood","","","","","","","","","","","","","","","","AC2564907","",
"265887799655","ZX9DGNL1075","Fireplaces","","Accesorios","Iron","","Black","","","","","","","","","","","","","","AC2564833","",
"265887817542","ZX9DGNL1172","Fireplaces","","Accesorios","Iron","","","","","","","","","","","","","","","","AC2564875","",
