Item Id,SKU,Brand,Type,Handle Material,Blade Edge,Blade Material,Color,Country/Region of Manufacture,Features,Blade Length,Closed Length,Blade Hardness,Bundle Description,California Prop 65 Warning,Custom Bundle,Item Weight,MPN,Manufacturer Warranty,Model,Overall Length,
"265440193383","117042","Maxam","Pocket Knife","Steel","Straight Edge","Stainless Steel","","","","5 1/8","4 3/8","","","","","","","","","",
"254960938332","115732","Rostfrei","Pocket Knife","","","","","","","","","","","","","","Liner-Lock-Knife","","","",
"265238955017","115733","Rostfrei","Pocket Knife","","","","","","","","","","","","","","Lockback-Knife","","","",
"264331805065","117013","Maxam","Pocket Knife","","Serrated","Leymar","Black","China","keychain knife","1 7/8 in","2.5 in","","","","","2 oz","Falcon-IV-Lockback-Knife","1 Year","","",
