Item Id,SKU,Type,Brand,MPN,Model,Custom Bundle,Bundle Description,Modified Item,Modification Description,California Prop 65 Warning,Country/Region of Manufacture,
"255581267400","ZX9AZRESS23300R","Office Organization","Nine2Five","NI40696","","","","","","","",
"265735941271","ZX9AZRWLJS491","Office Organization","Tosafos","TO41378","","","","","","","",
"265735851159","NYGL1695","Office Organization","Eros Wholesale","MG3119","","","","","","","",
"255581164187","NYGL1744","Office Organization","Eros Wholesale","MG8066D","","","","","","","",
"265735856989","AZRESS23300R","Office Organization","Esselte Pendaflex","23300R","","","","","","","",
"265735946765","AZRESS9500R","Office Organization","Esselte Pendaflex","9500R","","","","","","","",
"265735937083","SPRCH44408","Office Organization","Tops","TOP59870R","","","","","","","",
"265735886321","AZRWLJS491","Office Organization","Wilson Jones","S491","","","","","","","",
