Item Id,SKU,Type,Material,Height,Brand,Custom Bundle,Model,Bundle Description,MPN,Modified Item,Modification Description,Country/Region of Manufacture,California Prop 65 Warning,
"265620570828","RMR076","Ramps & Scratching Posts","Sisal","","Armarkat","","","","A3902","","","","",
"265620569980","ZX9TXPD113","Ramps & Scratching Posts","","","FlyFree","","","","FL139179","","","","",
"265620550042","GPTC200","Ramps & Scratching Posts","","","Go Pet Club","","","","F2024","","","","",
"255461987083","GPTC198","Ramps & Scratching Posts","","","Go Pet Club","","","","F75","","","","",
"255461973768","ZX9GPTC200","Ramps & Scratching Posts","","","CatLady","","","","CA723610","","","","",
"265620566587","CNPS493","Ramps & Scratching Posts","","","Myzoo","","","","MZ-Cylinder","","","","",
"265620559344","ZX9TXPD085","Ramps & Scratching Posts","","","FlyFree","","","","FL139162","","","","",
"265620541185","ZX9TXPD086","Ramps & Scratching Posts","","","FlyFree","","","","FL30747","","","","",
"255461978190","TXPD086","Ramps & Scratching Posts","","","Trixie Pet Products","","","","43787","","","","",
"255461974356","TXPD113","Ramps & Scratching Posts","","","Trixie Pet Products","","","","44543","","","","",
"265620555886","TXPD117","Ramps & Scratching Posts","","","Trixie Pet Products","","","","44590","","","","",
"265620567353","TXPD118","Ramps & Scratching Posts","","","Trixie Pet Products","","","","44591","","","","",
