Item Id,SKU,Type,Brand,Material,Power Source,Number of Lights,Installation Area,Number of Settings,Cord Color,Finish,Theme,Light Color,Mounting,Color,Style,Sensor Type,Size,Item Diameter,Lighting Technology,Amperage,Features,Character,Country/Region of Manufacture,Required Tools,Smart Home Protocol,Assembly Required,Bulb Shape Code,Manufacturer Warranty,Year Manufactured,MPN,LED String/Strip Type,Model,Custom Bundle,California Prop 65 Warning,Bulb Life Hours,Bundle Description,Character Family,Color Temperature,IP Rating,Item Height,Item Length,Item Weight,Item Width,LED Chip Code,Labels & Certifications,Lumens,Power Consumption,Smart Home Compatibility,Voltage,
"255444367984","BCI1510070","Outdoor Lighting","Bond Manufacturing","Bamboo","","","","","Brown","","","Brown","","Brown","","","","","","","","","","","","","","","","Y1156B","","","","","","","","","","","","","","","","","","","",
"265619718540","BCI1510070","Outdoor Lighting","Bond Manufacturing","Bamboo","","","","","Brown","","","Brown","","Brown","","","","","","","","","","","","","","","","Y1156B","","","","","","","","","","","","","","","","","","","",
"265655586751","CUIC10491","Outdoor Lighting","Everglow","","","","","","Black","","","Black","","Black","","","","","","","","","","","","","","","","PT2-N","","","","","","","","","","","","","","","","","","","",
"255495556718","STRGD051","Outdoor Lighting","Starlite","","","2","","2","","Smooth","","","","","Smooth","","","","","","","","","","","","","","","1204-SC-SCONCE","","","","","","","","","","","","","","","","","","","",
"255444414270","ACHR152666","Outdoor Lighting","Infinity","Bamboo","","","","","","","Garden","","","","","","","","","","","","","","","","","","","8050549","","","","","","","","","","","","","","","","","","","",
"265651200154","ZX9STRGD051","Outdoor Lighting","Lighting USA","Aluminum","","","","","","Copper","","","","","Smooth","","","","","","","","","","","","","","","LI1675169","","","","","","","","","","","","","","","","","","","",
