Item Id,SKU,Trim Material,Material,Size,Lining Material,Glove Length,Color,Features,Brand,Fabric Type,Style,Accents,Season,Department,Theme,Performance/Activity,Occasion,Insulation Material,Glove Warmth,Pattern,Country/Region of Manufacture,Personalized,Handmade,Vintage,MPN,Garment Care,California Prop 65 Warning,
"264910544602","304886","Acrylic","Acrylic","One Size","Acrylic","Wrist","Black","Fingerless","Generic","Knit","Glove","Button","Winter","Women","fashion gloves","School","Business","Acrylic","Light","","","","","","Ladies-Fingerless-Gloves","","",
"254757725467","304889","Acrylic","Acrylic","One Size","Acrylic","Wrist","Brown","Breathable,Fingerless,Lightweight","Generic","Knit","Glove","Button","Fall,Spring,Winter","Women","Fashion Gloves","Dance,Driving,School","Activewear,Business,Casual,Christening,Formal,Party/Cocktail,Travel,Wedding,Workwear","acrylic","Light","","","","","","Ladies-Fingerless-Gloves","","",
"264910544634","304888","Acrylic","100% Acrylic","One Size","Acrylic","Wrist","Brown","Fingerless","Generic","Knit","Glove","Button","Winter","Women","Fashion Gloves","Dance,Driving,School","Activewear,Business,Casual,Christening,Formal,Party/Cocktail,Travel,Wedding,Workwear","acrylic","Light","","","","","","Ladies-Fingerless-Gloves","","",
"254757725439","304887","Acrylic","Acrylic","One Size","Acrylic","Wrist","Gray","Fingerless","Generic","Knit","Glove","Button","Winter","Women","Fashion Gloves","School","Business","Polyester","Light","","","","","","Ladies-Fingerless-Gloves","","",
"254881474345","304889","Acrylic","Acrylic","One Size","Acrylic","Wrist","Brown","Fingerless","Generic","Knit","Glove","Button","Winter","Women","Fashion Gloves","School","Casual","acrylic","Warm","","","","","","Texting Gloves","","",
"264910544590","304885","Acrylic","100% Acrylic","One Size","Acrylic","Wrist","White","Fingerless","Generic","Knit","Glove","Button","Fall,Spring,Winter","Women","Fashion Gloves","indoors","Activewear,Business,Casual,Formal,Party/Cocktail,Travel,Wedding,Workwear","Synthetic","Light","Solid","","","","","Ladies-Fingerless-Gloves","","",
