Item Id,SKU,Type,Number of Tiers,Brand,Installation Area,Base Size,Item Width,Item Height,Item Diameter,Item Length,Reflective Finish,Color,Material,Set Includes,Features,Country/Region of Manufacture,Item Weight,MPN,Custom Bundle,Bundle Description,California Prop 65 Warning,Manufacturer Warranty,
"265623545280","TRVAL62182","Lawn & Landscaping","6","Berry Plastics","","","","","","","","Clear","","","","","","199026","","","","",
"265644631541","TRVAL62217","Lawn & Landscaping","6","Berry Plastics","","","","","","","","Black","","","","","","596304","","","","",
"265639662848","TRVAL62211","Lawn & Landscaping","6","Berry Plastics","","","","","","","","Clear","","","","","","153103","","","","",
"265623535534","ACHR142202","Lawn & Landscaping","","Dewitt","","","","","","","","Green","","","","","","7688393","","","","",
"255483712377","ACHR158948","Lawn & Landscaping","","Dry Top","","","","","","","","Brown","","","","","","7008323","","","","",
"255488805782","ACHR156454","Lawn & Landscaping","","Dry Top","","","","","","","White","White","","","","","","8042747","","","","",
"255476940898","TRVAL66573","Lawn & Landscaping","","Intex Supply","","","","","","","","Green","","","","","","895695","","","","",
"265639813878","TRVAL118770","Lawn & Landscaping","","Kaps Tex","","","","","","","Silver","Black","Silver","","","","","235450","","","","",
"265634257490","MSTL25510","Lawn & Landscaping","","POLYTUF BRANDS","","","","","","","","Green","","","","","","PYA30X40","","","","",
"255488657353","ACHR141596","Lawn & Landscaping","","PROJEX","","","","","","","","Blue","","","","","","7400898","","","","",
"265623531348","ACHR141595","Lawn & Landscaping","","PROJEX","","","","","","","","Blue","","","","","","7400971","","","","",
"265639772911","TWEN025","Lawn & Landscaping","","T.W. Evans Cordage","","","","","","","","Blue","","","","","","04100","","","","",
"265644525679","TWEN026","Lawn & Landscaping","","T.W. Evans Cordage","","","","","","","","Blue","","","","","","05100","","","","",
"255483800558","TWEN466","Lawn & Landscaping","","T.W. Evans Cordage","","","","","","","","Black","","","","","","G3060","","","","",
"265639804931","ZX9MSTL25510","Lawn & Landscaping","","Hogan Supplies","","","","","","","","Green","","","","","","HO393047","","","","",
