Item Id,SKU,Brand,Formulation,Department,Body Area,Product Line,Type,Scent,Item Weight,Country/Region of Manufacture,Hair Type,Color,Features,MPN,Bundle Description,California Prop 65 Warning,Custom Bundle,Labels & Certifications,Manufacturer Warranty,
"265623487363","TRVAL116596","DM Merchandising","","","","","Ladies Hair Removal","","","","","","","245166","","","","","",
"265623486854","FRG49310","Gigi","","Women","","","Ladies Hair Removal","","","","","","","362217","","","","","",
"265623487831","FRG49312","Gigi","","Women","","","Ladies Hair Removal","","14 oz","","","","","362233","","","","","",
"265623488722","TRVAL66387","Hy-ko Products","","","","","Ladies Hair Removal","","","","","","","107096","","","","","",
"265623488267","SPRCH65518","Learning Resources","","","","","Ladies Hair Removal","","","","","","","LRNLER1963","","","","","",
"255464858755","PWW82728","Satin Smooth","","Women","","","Ladies Hair Removal","","","","","","","I0106910","","","","","",
"265623487100","OC0947","Satin Smooth","","","","","Ladies Hair Removal","","","","","","","SSW12C","","","","","",
