Item Id,SKU,Type,Brand,Color,Sport/Activity,Country/Region of Manufacture,Material,Vintage,Personalized,Signed,Department,MPN,Model,Features,Item Weight,Item Width,Custom Bundle,Bundle Description,California Prop 65 Warning,Item Diameter,Item Height,Item Length,Number of Items in Set,Set Includes,
"265621704442","ZX9FMSP1711","Exercise Equipment","BioPlus","Black","","","","","","","","BI1766775","","","","","","","","","","","","",
"265621682434","ZX9FMSP13294","Exercise Equipment","Health Adjuster","Gold","","","","","","","","HE291518","","","","","","","","","","","","",
"265731482514","ZX9FMSP22157","Exercise Equipment","BioPlus","Gold","","","","","","","","BI1788930","","","","","","","","","","","","",
"255576683490","ZX9FMSP22158","Exercise Equipment","BioPlus","Black","","","","","","","","BI1768441","","","","","","","","","","","","",
"265731473838","ZX9FMSP11107","Exercise Equipment","Colos Color Cosmetics","","","","","","","","","CO1069346","","","","","","","","","","","","",
"265731521736","ZX9FMSP21868","Exercise Equipment","BioPlus","Black","","","","","","","","BI1769808","","","","","","","","","","","","",
"255576697590","ZX9FMSP1979","Exercise Equipment","BioPlus","","","","","","","","","BI299756","","","","","","","","","","","","",
"265621726248","ZX9FMSP22017","Exercise Equipment","BioPlus","","","","","","","","","BI2096925","","","","","","","","","","","","",
"255576698616","ZX9FMSP1904","Exercise Equipment","BioPlus","","","","","","","","","BI293672","","","","","","","","","","","","",
"265731485874","FMSP21688","Exercise Equipment","Fabrication Enterprises","","","","","","","","","10-0705","","","","","","","","","","","","",
"255576704258","FABE05020","Exercise Equipment","Fabrication Enterprises","","","","","","","","","10-1484","","","","","","","","","","","","",
"265731475853","FABE05316","Exercise Equipment","Fabrication Enterprises","","","","","","","","","10-1485","","","","","","","","","","","","",
"255576704102","FMSP1453","Exercise Equipment","Fabrication Enterprises","","","","","","","","","10-2650","","","","","","","","","","","","",
"255576713663","FMSP1643","Exercise Equipment","Fabrication Enterprises","","","","","","","","","10-2652","","","","","","","","","","","","",
"265731503343","FMSP1776","Exercise Equipment","Fabrication Enterprises","","","","","","","","","10-3220-50","","","","","","","","","","","","",
"255576727082","FMSP1798","Exercise Equipment","Fabrication Enterprises","","","","","","","","","10-5198","","","","","","","","","","","","",
"265731524738","FMSP1979","Exercise Equipment","Fabrication Enterprises","","","","","","","","","10-5228","","","","","","","","","","","","",
"265731525662","FMSP1711","Exercise Equipment","Fabrication Enterprises","Yellow","","","","","","","","10-5259-10","","","","","","","","","","","","",
"255576655093","FMSP1904","Exercise Equipment","Fabrication Enterprises","","","","","","","","","10-5330-50","","","","","","","","","","","","",
"265731519109","FMSP1833","Exercise Equipment","Fabrication Enterprises","","","","","","","","","10-5336-50","","","","","","","","","","","","",
"265731471581","FMSP1985","Exercise Equipment","Fabrication Enterprises","","","","","","","","","10-5340-50","","","","","","","","","","","","",
"265731463974","FMSP2007","Exercise Equipment","Fabrication Enterprises","","","","","","","","","10-5479","","","","","","","","","","","","",
"265731448336","FMSP1944","Exercise Equipment","Fabrication Enterprises","Black","","","","","","","","10-5495","","","","","","","","","","","","",
"265621700135","FMSP1934","Exercise Equipment","Fabrication Enterprises","Silver","","","","","","","","10-5496","","","","","","","","","","","","",
"255463063625","FMSP2381","Exercise Equipment","Fabrication Enterprises","Gold","","","","","","","","10-5497","","","","","","","","","","","","",
"265731458933","FMSP2032","Exercise Equipment","Fabrication Enterprises","","","","","","","","","10-5655","","","","","","","","","","","","",
"255576672668","FMSP2129","Exercise Equipment","Fabrication Enterprises","","","","","","","","","10-5928","","","","","","","","","","","","",
"265731522512","FMSP21868","Exercise Equipment","Fabrication Enterprises","Yellow","","","","","","","","10-5949","","","","","","","","","","","","",
"255576719443","FMSP1957","Exercise Equipment","Fabrication Enterprises","","","","","","","","","10-6238","","","","","","","","","","","","",
"255576716403","FMSP22093","Exercise Equipment","Fabrication Enterprises","","","","","","","","","10-6278","","","","","","","","","","","","",
"265621728379","FMSP2022","Exercise Equipment","Fabrication Enterprises","","","","","","","","","10-6336","","","","","","","","","","","","",
"265621720810","FMSP22139","Exercise Equipment","Fabrication Enterprises","Green","","","","","","","","10-6603-24","","","","","","","","","","","","",
"265621673719","FMSP22143","Exercise Equipment","Fabrication Enterprises","Black","","","","","","","","10-6605-24","","","","","","","","","","","","",
"265731469061","FMSP22145","Exercise Equipment","Fabrication Enterprises","Silver","","","","","","","","10-6606-24","","","","","","","","","","","","",
"255463051892","FMSP22147","Exercise Equipment","Fabrication Enterprises","Gold","","","","","","","","10-6607-24","","","","","","","","","","","","",
"255463070047","FMSP22157","Exercise Equipment","Fabrication Enterprises","","","","","","","","","10-6617","","","","","","","","","","","","",
"265731455489","FMSP22158","Exercise Equipment","Fabrication Enterprises","","","","","","","","","10-6618","","","","","","","","","","","","",
"255576658226","FMSP22009","Exercise Equipment","Fabrication Enterprises","","","","","","","","","71-0010","","","","","","","","","","","","",
"265731476281","FMSP22017","Exercise Equipment","Fabrication Enterprises","","","","","","","","","71-0042","","","","","","","","","","","","",
"255463067759","FMSP22018","Exercise Equipment","Fabrication Enterprises","","","","","","","","","71-0050","","","","","","","","","","","","",
"255576656480","FMSP11107","Exercise Equipment","Rep Band","","","","","","","","","10-1095","","","","","","","","","","","","",
"255576696480","ZX9CHMP911","Exercise Equipment","HappyHealth","","","","","","","","","HA623076","","","","","","","","","","","","",
"255463052345","FMSP13294","Exercise Equipment","Sup-R Band","Gold","","","","","","","","10-6337","","","","","","","","","","","","",
"265731452674","FMSP11833","Exercise Equipment","Sup-R Band","","","","","","","","","10-6378","","","","","","","","","","","","",
