Item Id,SKU,Humidification Method,Brand,Type,Application,Recommended Room Size,Room,Model,Features,Power Source,Smart Home Compatibility,Color,Number of Speeds,Smart Home Protocol,Voltage,Material,Year Manufactured,Country/Region of Manufacture,Finish,Power,Timer Control,Coverage,Item Depth,Item Height,Item Weight,Item Width,Manufacturer Warranty,Tank Capacity,MPN,Custom Bundle,Bundle Description,California Prop 65 Warning,Operating Sound Rating,
"255576680286","ZX9ESCK447","","TopDoc","Air Quality","","","","","","","","","","","","","","","Brushed","","","","","","","","","","TO285566","","","","",
"265731479194","ZX9EXCK456","","Step-Up Relief","Air Quality","","","","","","","","","","","","","","","","","","","","","","","","","ST22716","","","","",
"255437771977","FLTN8160","","Filters-NOW","Air Quality","","","","","","","","","","","","","","","","","","","","","","","","","UFH65C=UBI","","","","",
"255437750865","TRVAL117868","","Won Kim","Air Quality","","","","","","","","","","","","","","","","","","","","","","","","","231828","","","","",
