Item Id,SKU,Industry,Style,Brand,Size,Color,Gender,Material,Country/Region of Manufacture,Personalize,MPN,Occupation,Modified Item,Modification Description,California Prop 65 Warning,Personalization Instructions,
"254553412269","118129","Motorcycle","Vest","Diamond Plate",,"Black","Men","Leather","","","concealed-carry-vest","","","","","",
"254553412269","116282",,,,"XL",,,,,,,,,,,,
"254553412269","116281",,,,"M",,,,,,,,,,,,
"254553412269","116280",,,,"L",,,,,,,,,,,,
"254553412269","116279",,,,"3X",,,,,,,,,,,,
"254553412269","116278",,,,"2X",,,,,,,,,,,,
