Item Id,SKU,Brand,Suitable For,Type,Sport/Activity,Color,Material,Country/Region of Manufacture,Vintage,Features,Compatible Brand,Compatible Model,Item Weight,Item Width,MPN,Manufacturer Warranty,Model,Bundle Description,California Prop 65 Warning,Custom Bundle,Item Height,Item Length,Number of Items in Set,Set Includes,
"265731523060","ESCLD2626","Escalade Sports","","Exercise Equipment","","","","","","","","","","","LLFWB","","","","","","","","","",
"265731525713","SPRCH86973","Lorell","","Exercise Equipment","","Gray","","","","","","","","","LLR99531","","","","","","","","","",
"265731461268","ZX9SUNY4412","Medis One","","Exercise Equipment","","","","","","","","","","","ME1926779","","","","","","","","","",
"255576674036","ZX9SUNY4415","Medis One","Rowing Machine","Exercise Equipment","","","","","","","","","","","ME2154773","","","","","","","","","",
"255576673114","ZX9SUNY4419","Medis One","Rowing Machine","Exercise Equipment","","","","","","","","","","","ME1897691","","","","","","","","","",
"265621700316","SUPN1822","SPT","","Exercise Equipment","","","","","","","","","","","AB-766","","","","","","","","","",
"265731467242","SUNY152","Sunny Distributor","","Exercise Equipment","","","","","","","","","","","SF-B1002","","","","","","","","","",
"255576657241","ZX9SUNY4348","HigherHealth","Rowing Machine","Exercise Equipment","","","","","","","","","","","HI1893023","","","","","","","","","",
"265731513279","SUNY4418","Sunny Health & Fitness","Elliptical","Exercise Equipment","","","","","","","","","","","SF-E3862","","","","","","","","","",
"255576714216","SUNY4355","Sunny Health and Fitness","","Exercise Equipment","","","","","","","","","","","SF-RB4708","","","","","","","","","",
"255576680668","SUNY4352","Sunny Health and Fitness","","Exercise Equipment","","","","","","","","","","","SF-RBD4703","","","","","","","","","",
"255576640702","SUNY4347","Sunny Health and Fitness","Rowing Machine","Exercise Equipment","","","","","","","","","","","SF-RW5622","","","","","","","","","",
"255465097717","SUNY4348","Sunny Health and Fitness","Rowing Machine","Exercise Equipment","","","","","","","","","","","SF-RW5639","","","","","","","","","",
"255576680140","SUNY4415","Sunny Health & Fitness","Rowing Machine","Exercise Equipment","","","","","","","","","","","SF-RW5854","","","","","","","","","",
"265731464335","SUNY4419","Sunny Health & Fitness","Rowing Machine","Exercise Equipment","","","","","","","","","","","SF-RW5856","","","","","","","","","",
