Item Id,SKU,Type,Mounting,Application,Material,Style,Size,Brand,Security,Color,Features,Country/Region of Manufacture,Personalize,Fixings Supplied,Items included,Assembly Required,Number of Compartments,Keys Included,Weight Capacity,Model,Item Height,Custom Bundle,Bundle Description,Item Depth,Item Width,MPN,California Prop 65 Warning,Finish,Item Weight,Manufacturer Warranty,Personalization Instructions,
"265639804586","PRDC010","Furniture & Decor","","","","","Medium","603 Products","","Black","","","","","","","","","","","","","","","","SPA-M005BLK","","","","","",
"255483786940","HLXD024","Furniture & Decor","","","","","","603 Products","","Black","","","","","","","","","","","","","","","","SPA-P001BLK","","","","","",
"255483943968","HLXD025","Furniture & Decor","","","","","","603 Products","","Silver","","","","","","","","","","","","","","","","SPA-P001SG","","","","","",
"255483888300","HLXD001","Furniture & Decor","","","","","Large","Helix Design","","Black","","","","","","","","","","","","","","","","SPA-M001BLK","","","","","",
"265644501589","ARCH1389","Furniture & Decor","Post Mount","","","","","Architectural Mailboxes","Locking","","","","","","","","","","","","","","","","","620020B-10","","","","","",
"265644499941","BARSKA6751","Furniture & Decor","","","Stainless Steel","","","Barska","","Black","","","","","","","","","","","","","","","","CB13324","","","","","",
"255483681199","BARSKA6753","Furniture & Decor","","","","","","Barska","","","","","","","","","","","","","","","","","","CB13332","","","","","",
"265634316383","EPCD001","Furniture & Decor","","","","","","Mail Boss","Locking","","","","","","","","","","","","","","","","","7105","","","","","",
"255488713162","EPCD002","Furniture & Decor","","","","","","Mail Boss","Locking","Black","","","","","","","","","","","","","","","","7106","","","","","",
"265644610613","EPCD003","Furniture & Decor","","","","","","Mail Boss","Locking","White","","","","","","","","","","","","","","","","7107","","","","","",
"255488726278","EPCD039","Furniture & Decor","","","","","","Mail Boss","","","","","","","","","","","","","","","","","","7205","","","","","",
"265639555277","EPCD041","Furniture & Decor","","","","","","Mail Boss","","White","","","","","","","","","","","","","","","","7207","","","","","",
"265639720154","EPCD042","Furniture & Decor","","","","","","Mail Boss","","","","","","","","","","","","","","","","","","7208","","","","","",
"255488780745","MYN055","Furniture & Decor","","","","","","MAYNE","","White","","","","","","","","","","","","","","","","5846-W","","","","","",
"265709861058","MYNRL011","Furniture & Decor","","","","","","MAYNE","","Black","","","","","","","","","","","","","","","","5852-B","","","","","",
"265634309651","MYNRL014","Furniture & Decor","","","","","","MAYNE","","White","","","","","","","","","","","","","","","","5852-W","","","","","",
"265644482139","PRDC018","Furniture & Decor","","","","","Large","Spira Mailbox","","Black","","","","","","","","","","","","","","","","SPA-M006BLK","","","","","",
