Item Id,SKU,Mower Type,Compatible Equipment Make,Brand,Fits Hitch Category,Compatible Equipment Type,Hook Up,Gearbox,Model,MPN,Custom Bundle,Bundle Description,Modified Item,Modification Description,California Prop 65 Warning,Country/Region of Manufacture,
"265644513715","ZX9ACHR5192","","","Piazza","","","","","","PI3541","","","","","","",
"265623518756","ZX9JNSN44907","","","GrillGear","","","","","","GR83739","","","","","","",
"255483697022","ZX9SNRS1211","","","GrillGear","","","","","","GR1622838","","","","","","",
"265639581333","ZX9TRVAL129567","","","Cuadrilatero","","","","","","CU2055624","","","","","","",
"265644577381","TRVAL129528","","","Great States","5","","","","","100521","","","","","","",
"255483702645","SNRS158","","","Greenworks","","","","","","25322","","","","","","",
"255488676088","SNRS1205","","","Greenworks","","","","","","2506402","","","","","","",
"255488747835","SNRS1208","","","Greenworks","","","","","","2507502","","","","","","",
"255464903793","JNSN42848","","","Maxpower Precision Parts","2","","","","","337011","","","","","","",
"265623492435","JNSN56816","","Universal","Maxpower Precision Parts","","","","","","331982S","","","","","","",
"255483924525","TRVAL129133","","","Mtd Products","","","","","","274626","","","","","","",
"255488664169","ZX9ACHR147449","","","BBQPlus","","","","","","BB1739008","","","","","","",
"255483918974","TRVAL129567","","","Yard Force","","","","","","100523","","","","","","",
