Item Id,SKU,Brand,Sheet Size,Personalize,MPN,Model,Custom Bundle,Bundle Description,Modified Item,Modification Description,California Prop 65 Warning,Country/Region of Manufacture,Personalization Instructions,
"265735855957","SPRCH65806","3M","","","MMMMPD1520DD","","","","","","","","",
"265735855719","SPRCH48105","Business Source","","","BSN65900CT","","","","","","","","",
"265735946497","SPRCH48106","Business Source","","","BSN65901CT","","","","","","","","",
"265597115590","LSD333","Lissom Design","","","29050","","","","","","","","",
