Item Id,SKU,To Fit,Gender,Brand,Type,Theme,Character Family,Color,Material,Personalize,MPN,Custom Bundle,Model,Bundle Description,Modified Item,Modification Description,Country/Region of Manufacture,California Prop 65 Warning,Personalization Instructions,
"265620483654","AFG1220","Crib","","Athena","Cribs & Accessories","","","","","","4689G","","","","","","","","",
"255461903016","CTTD2074","","","Cotton Tale Designs","Cribs & Accessories","","","","Cotton","","NGFQQ","","","","","","","","",
"255461938012","CTTD2073","","","Cotton Tale Designs","Cribs & Accessories","","","","Cotton","","NGTWQ","","","","","","","","",
"255461946827","ZX9CTTD1893","","","SweetSensations","Cribs & Accessories","","","","","","SW734758","","","","","","","","",
"255461933943","ZX9CTTD1837","Crib","","SweetSensations","Cribs & Accessories","","","","","","SW888873","","","","","","","","",
"255461944251","ZX9CTTD1878","Crib","","SweetSensations","Cribs & Accessories","","","","","","SW721599","","","","","","","","",
"265620532969","ZX9CTTD1880","Crib","","SweetSensations","Cribs & Accessories","","","Green","","","SW715750","","","","","","","","",
"255461954108","ZX9CTTD1874","Crib","","SweetSensations","Cribs & Accessories","","","Green","","","SW951453","","","","","","","","",
"265620508515","ZX9CTTD1864","Crib","","SweetSensations","Cribs & Accessories","","","","","","SW258277","","","","","","","","",
"255461913807","ZX9ESWY002","Crib","","SweetSensations","Cribs & Accessories","Jungle","","","","","SW899486","","","","","","","","",
"265620504394","ZX9CTTD361","Crib","","SweetSensations","Cribs & Accessories","","","","","","SW757390","","","","","","","","",
"265620499265","ZX9CTTD363","Crib","","SweetSensations","Cribs & Accessories","","","","","","SW258294","","","","","","","","",
"265620533208","ZX9CTTD362","","","SweetSensations","Cribs & Accessories","","","","","","SW734764","","","","","","","","",
"255461916624","ZX9CTTD364","","","SweetSensations","Cribs & Accessories","","","","","","SW265849","","","","","","","","",
"255461895911","ZX9CTTD1822","Crib","","SweetSensations","Cribs & Accessories","","","Gray","","","SW761566","","","","","","","","",
"255461897495","ESWY002","Crib","","One Grace Place","Cribs & Accessories","Jungle","","","","","10-14b102","","","","","","","","",
"255461898205","ESWY300","Crib","","One Grace Place","Cribs & Accessories","","","","","","10-20118","","","","","","","","",
"255461938553","ESWY303","","","One Grace Place","Cribs & Accessories","","","","","","10-20121","","","","","","","","",
"265620523736","ESWY221","Crib","","One Grace Place","Cribs & Accessories","","","","","","10-27102","","","","","","","","",
"265620521165","ESWY227","Crib","","One Grace Place","Cribs & Accessories","","","","","","10-27112","","","","","","","","",
"265620529379","ESWY220","Crib","","One Grace Place","Cribs & Accessories","","","","","","10-27118","","","","","","","","",
"255461945780","ESWY076","Crib","","One Grace Place","Cribs & Accessories","","","","","","10-33102","","","","","","","","",
"255461949882","ESWY263","Crib","","One Grace Place","Cribs & Accessories","","","","","","10-34102","","","","","","","","",
"255461913000","ESWY262","Crib","","One Grace Place","Cribs & Accessories","","","","","","10-34118","","","","","","","","",
"265620513378","ZX9CTTD1817","","","SweetSensations","Cribs & Accessories","","","","","","SW256999","","","","","","","","",
"265620534396","ZX9CTTD1873","","","SweetSensations","Cribs & Accessories","","","","","","SW257005","","","","","","","","",
"265620520751","ZX9CTTD1905","Crib","","SweetSensations","Cribs & Accessories","","","","","","SW257008","","","","","","","","",
"255461933570","ZX9CTTD1532","Crib","","SweetSensations","Cribs & Accessories","","","","","","SW633910","","","","","","","","",
"265620526708","ZX9CTTD1526","","","SweetSensations","Cribs & Accessories","","","","","","SW889488","","","","","","","","",
"255461948160","ZX9CTTD1525","","","SweetSensations","Cribs & Accessories","","","","","","SW260795","","","","","","","","",
"255461949507","ZX9ESWY220","Crib","","SweetSensations","Cribs & Accessories","","","","","","SW70083","","","","","","","","",
"255461929999","ZX9CTTD1891","Crib","","SweetSensations","Cribs & Accessories","","","","","","SW761567","","","","","","","","",
"265620530276","ZX9CTTD1867","Crib","","SweetSensations","Cribs & Accessories","","","","","","SW57129","","","","","","","","",
"265620482122","ZX9CTTD1936","Crib","","SweetSensations","Cribs & Accessories","","","","","","SW257012","","","","","","","","",
"265620511657","ZX9CTTD1937","Crib","","SweetSensations","Cribs & Accessories","","","","","","SW257013","","","","","","","","",
"255461928035","ZX9CTTD1952","Crib","","SweetSensations","Cribs & Accessories","","","","","","SW721600","","","","","","","","",
"265620525655","ZX9CTTD1539","Crib","","SweetSensations","Cribs & Accessories","","","","","","SW951451","","","","","","","","",
"265620504024","ZX9CTTD1541","Crib","","SweetSensations","Cribs & Accessories","","","","","","SW633912","","","","","","","","",
"255461917156","ZX9CTTD1542","Crib","","SweetSensations","Cribs & Accessories","","","","","","SW258272","","","","","","","","",
"265620526648","ZX9ESWY263","Crib","","SweetSensations","Cribs & Accessories","","","","","","SW70087","","","","","","","","",
"265620519051","ZX9CTTD1955","Crib","","SweetSensations","Cribs & Accessories","","","","","","SW732534","","","","","","","","",
"255461916189","ZX9CTTD1956","Crib","","SweetSensations","Cribs & Accessories","","","","","","SW715754","","","","","","","","",
"255461921385","ZX9CTTD1560","Crib","","SweetSensations","Cribs & Accessories","","","","","","SW265834","","","","","","","","",
"265620504348","ZX9CTTD1562","Crib","","SweetSensations","Cribs & Accessories","","","","","","SW262919","","","","","","","","",
"255461895798","ZX9CTTD1563","Crib","","SweetSensations","Cribs & Accessories","","","","","","SW633913","","","","","","","","",
"255461912440","ZX9CTTD1579","Crib","","SweetSensations","Cribs & Accessories","","","","","","SW757377","","","","","","","","",
"265620532656","ZX9CTTD1570","","","SweetSensations","Cribs & Accessories","","","","","","SW258273","","","","","","","","",
