Item Id,SKU,Brand,Color,Body Area,Country/Region of Manufacture,Type,Features,Massage Functions,Item Length,Item Height,Item Width,Item Weight,MPN,Material,Model,Bundle Description,California Prop 65 Warning,Custom Bundle,Endurance Time,Labels & Certifications,Manufacturer Warranty,Number of Massage Heads,Power Source,Voltage,
"265731463481","DRFJ032","Dr. Fuji","","","","Massage","","","","","","","FJ-052","","","","","","","","","","","",
"265731519996","FMSP2951","Fabrication Enterprises","","","","Massage","","","","","","","14-1050-25","","","","","","","","","","","",
"265731488850","FMSP2973","Fabrication Enterprises","","","","Massage","","","","","","","14-1051-25","","","","","","","","","","","",
"255576726158","SUPN1863","SPT Appliance","","","","Massage","","","","","","","UC-633A","","","","","","","","","","","",
