Item Id,SKU,Brand,Material,Style,Primary Material,Color,Features,Original/Reproduction,Age,Era,Country/Region of Origin,California Prop 65 Warning,
"265698033790","UTTRMST4452","212 Main","","","","","","","","","","",
"265697787382","UTTRMST4460","212 Main","","","","","","","","","","",
"265695281736","UTTRMST4470","212 Main","","","","","","","","","","",
"255534547665","ZX9SPRCH85429","Ricki&apos;s Rugs","","","","Black","","","","","","",
"255534500348","ZX9SPRCH85428","Ricki&apos;s Rugs","","","","Brown","","","","","","",
"265897211481","BSST8127","Bassett Mirror","","","","Green","","","","","","",
"255524264632","ZX9SPRCH85418","Ricki&apos;s Rugs","","","","Gray","","","","","","",
"265680044625","ZX9SPRCH85417","Ricki&apos;s Rugs","","","","Gray","","","","","","",
"255517993192","EPAD2573","Empire Art Direct","","","","","","","","","","",
"255513458681","EPAD2574","Empire Art Direct","","","","","","","","","","",
"255489024077","KLKL190","Kalalou","Glass","","Glass","","","","","","","",
"255518007102","KLKL255","Kalalou","Glass","","Glass","","","","","","","",
"265665546495","KLKL308","Kalalou","Glass","","Glass","Black","","","","","","",
"255509783666","KLKL396","Kalalou","Glass","","Glass","","","","","","","",
"255523952621","KLKL1096","Kalalou","Glass","","Glass","","","","","","","",
"255513442092","SPRCH85428","Lorell","","","","Brown","","","","","","",
"255534578183","SPRCH85429","Lorell","","","","Black","","","","","","",
"255541700002","SPRCH85417","Lorell","","","","Gray","","","","","","",
"265698057850","SPRCH85418","Lorell","","","","Gray","","","","","","",
"265679943725","SPRCH85419","Lorell","","","","Gray","","","","","","",
"265884190910","MSHMCL5890","Moes Home Collection","","","","","","","","","","",
"265887839865","MSHMCL5885","Moes Home Collection","","","","","","","","","","",
"255725193265","MSHMCL5886","Moes Home Collection","Gold","","Gold","Gold","","","","","","",
"255737948017","MSHMCL5887","Moes Home Collection","Gold","","Gold","Gold","","","","","","",
"255728717965","MSHMCL5888","Moes Home Collection","","","","","","","","","","",
"265884019015","MSHMCL5889","Moes Home Collection","","","","","","","","","","",
"255509689589","ZX9SPRCH85419","Ricki&apos;s Rugs","","","","Gray","","","","","","",
