Item Id,SKU,Brand,Dog Size,Dog Breed,Custom Bundle,Model,Bundle Description,MPN,Modified Item,Modification Description,Country/Region of Manufacture,California Prop 65 Warning,Expiration Date,
"265620540440","RMR089","Armarkat","","","","","","W1907B","","","","","",
"255461965415","LSPS11137","BAYER HEALTHCARE ANIMAL","","","","","","BY20240","","","","","",
"265620546949","LSPS11143","BAYER HEALTHCARE ANIMAL","","","","","","BY20305","","","","","",
"255461986966","LSPS11145","BAYER HEALTHCARE ANIMAL","","","","","","BY20348","","","","","",
"265620572039","LSPS11147","BAYER HEALTHCARE ANIMAL","","","","","","BY20372","","","","","",
"265620554712","LSPS11151","BAYER HEALTHCARE ANIMAL","","","","","","BY20410","","","","","",
"265620564894","TRVAL53866","Compass Minerals","","","","","","147271","","","","","",
"255461995475","BC292904","F.c.e. Inc D","","","","","","292904","","","","","",
"265620547208","JCKS8467","Flair","","","","","","3081-USA","","","","","",
"265620567843","ACHR155144","Raid","","","","","","7019604","","","","","",
"265620561128","ACHW46149","Woodstream","","","","","","7353220","","","","","",
