Item Id,SKU,Brand,Type,Intended Use/Discipline,MPN,Model,Custom Bundle,Bundle Description,Modified Item,Modification Description,Expiration Date,California Prop 65 Warning,Country/Region of Manufacture,
"255576705216","ZX9FMSP2184","BioPlus","Medical Supplies","","BI1788919","","","","","","","","",
"255576649824","ZX9FMSP2320","BioPlus","Medical Supplies","","BI2096927","","","","","","","","",
"255463047334","ZX9FMSP2232","BioPlus","Medical Supplies","","BI1766798","","","","","","","","",
"265621685934","HRWEX48151","ACME United","Medical Supplies","","91131","","","","","","","","",
"265731523897","ZX9FMSP2343","BioPlus","Medical Supplies","","BI1780666","","","","","","","","",
"255463055224","ZX9FMSP2268","BioPlus","Medical Supplies","","BI1759212","","","","","","","","",
"265731461762","FMSP25864","Baseline","Medical Supplies","","12-0082","","","","","","","","",
"265621708668","FMSP13167","Baseline","Medical Supplies","","12-1012-25","","","","","","","","",
"255463053754","ZX9FABE04924","BioPlus","Medical Supplies","","BI294033","","","","","","","","",
"265731463912","ZX9FMSP2236","BioPlus","Medical Supplies","","BI899056","","","","","","","","",
"255576665684","FMSP4834","Fabrication Enterprises","Medical Supplies","","10-2796","","","","","","","","",
"255576668208","FMSP19536","Fabrication Enterprises","Medical Supplies","","10-5478","","","","","","","","",
"255576727347","FMSP4836","Fabrication Enterprises","Medical Supplies","","10-5498","","","","","","","","",
"265621678764","FMSP4842","Fabrication Enterprises","Medical Supplies","","12-0228T","","","","","","","","",
"255576700582","FMSP2232","Fabrication Enterprises","Medical Supplies","","12-1001HR-25","","","","","","","","",
"265621681253","FMSP2318","Fabrication Enterprises","Medical Supplies","","12-1002HR-25","","","","","","","","",
"255463032164","FMSP2194","Fabrication Enterprises","Medical Supplies","","12-1012HR-25","","","","","","","","",
"255576641592","FMSP2282","Fabrication Enterprises","Medical Supplies","","12-1014-25","","","","","","","","",
"255576655042","FMSP2184","Fabrication Enterprises","Medical Supplies","","12-1025-25","","","","","","","","",
"265731469718","FMSP2320","Fabrication Enterprises","Medical Supplies","","12-1025HR-25","","","","","","","","",
"265731507638","FABE04924","Fabrication Enterprises","Medical Supplies","","12-1096","","","","","","","","",
"265731529126","FMSP2236","Fabrication Enterprises","Medical Supplies","","12-1112-25","","","","","","","","",
"255576726064","FMSP2365","Fabrication Enterprises","Medical Supplies","","12-1125-25","","","","","","","","",
"255463033489","FMSP2656","Fabrication Enterprises","Medical Supplies","","12-1130","","","","","","","","",
"265731485190","FMSP2372","Fabrication Enterprises","Medical Supplies","","12-1467-25","","","","","","","","",
"255576687921","FMSP2333","Fabrication Enterprises","Medical Supplies","","12-1514-25","","","","","","","","",
"255463057208","FMSP2268","Fabrication Enterprises","Medical Supplies","","12-1520-25","","","","","","","","",
"255576704179","FMSP2307","Fabrication Enterprises","Medical Supplies","","12-3161","","","","","","","","",
"265621705586","FMSP4789","Fabrication Enterprises","Medical Supplies","","14-1001","","","","","","","","",
"255576663783","FMSP19122","Fabrication Enterprises","Medical Supplies","","24-5905-4","","","","","","","","",
"265621688462","FMSP22922","Fabrication Enterprises","Medical Supplies","","24-6312","","","","","","","","",
"255463032619","FMSP5504","Fabrication Enterprises","Medical Supplies","","30-4052","","","","","","","","",
"265621727249","FMSP4229","Fabrication Enterprises","Medical Supplies","","50-1500R","","","","","","","","",
"255576682313","FMSP4155","Fabrication Enterprises","Medical Supplies","","50-1500Y","","","","","","","","",
"265731530687","FMSP4231","Fabrication Enterprises","Medical Supplies","","50-1503B","","","","","","","","",
"265621711402","FMSP4260","Fabrication Enterprises","Medical Supplies","","50-1505B","","","","","","","","",
"265731457913","FMSP4391","Fabrication Enterprises","Medical Supplies","","50-1505G","","","","","","","","",
"265621725683","FMSP4296","Fabrication Enterprises","Medical Supplies","","50-1505R","","","","","","","","",
"265731457671","FMSP4235","Fabrication Enterprises","Medical Supplies","","50-1508B","","","","","","","","",
"255576687382","FMSP4311","Fabrication Enterprises","Medical Supplies","","50-1508R","","","","","","","","",
"265621702529","FMSP4236","Fabrication Enterprises","Medical Supplies","","50-1519B","","","","","","","","",
"255463051328","GNVH1235","Geneva Healthcare","Medical Supplies","","60-100-00","","","","","","","","",
"265621715550","GNVH1250","Geneva Healthcare","Medical Supplies","","60-101-00","","","","","","","","",
"255463070759","GNVH1222","Geneva Healthcare","Medical Supplies","","60-102-00","","","","","","","","",
"255463068693","GNVH1197","Geneva Healthcare","Medical Supplies","","60-103-M","","","","","","","","",
"255463040857","GNVH1188","Geneva Healthcare","Medical Supplies","","60-203-M","","","","","","","","",
"265731526325","GNVH1237","Geneva Healthcare","Medical Supplies","","60-300-00","","","","","","","","",
"265621707386","GNVH1207","Geneva Healthcare","Medical Supplies","","60-302-00","","","","","","","","",
"265731522699","GNVH1255","Geneva Healthcare","Medical Supplies","","60-303-M","","","","","","","","",
"265731531906","EPIT5117","GoProfessional","Medical Supplies","","10 GALLONS- COD 2196","","","","","","","","",
"265731478148","EPIT5917","GoProfessional","Medical Supplies","","10 GALLONS- COD 2286","","","","","","","","",
"255576641086","EPIT5999","GoProfessional","Medical Supplies","","10 GALLONS- COD 2376","","","","","","","","",
"255576670680","EPIT5486","GoProfessional","Medical Supplies","","100 PACK 8 OZ- COD 1386","","","","","","","","",
"255576639895","EPIT5568","GoProfessional","Medical Supplies","","100 PACK 8 OZ- COD 1476","","","","","","","","",
"265731455158","EPIT5650","GoProfessional","Medical Supplies","","100 PACK 8 OZ- COD 1566","","","","","","","","",
"265731527688","EPIT6026","GoProfessional","Medical Supplies","","15 GALLONS- COD 2466","","","","","","","","",
"265731458828","EPIT6108","GoProfessional","Medical Supplies","","15 GALLONS- COD 2556","","","","","","","","",
"265731470173","EPIT6165","GoProfessional","Medical Supplies","","20 GALLONS- COD 2826","","","","","","","","",
"255463039446","EPIT6796","GoProfessional","Medical Supplies","","36 PACK 8 OZ- COD 1034","","","","","","","","",
"255463039555","EPIT6632","GoProfessional","Medical Supplies","","36 PACK 8 OZ- COD 854","","","","","","","","",
"255576641507","EPIT6714","GoProfessional","Medical Supplies","","36 PACK 8 OZ- COD 944","","","","","","","","",
"265621719388","EPIT4926","GoProfessional","Medical Supplies","","5 GALLONS- COD 1926","","","","","","","","",
"265621704271","EPIT5008","GoProfessional","Medical Supplies","","5 GALLONS- COD 2016","","","","","","","","",
"255576649525","EPIT5090","GoProfessional","Medical Supplies","","5 GALLONS- COD 2106","","","","","","","","",
"265621687968","EPIT6823","GoProfessional","Medical Supplies","","50 PACK 8 OZ- COD 1124","","","","","","","","",
"265621707194","EPIT5377","GoProfessional","Medical Supplies","","50 PACK 8 OZ- COD 1214","","","","","","","","",
"265621666138","EPIT5459","GoProfessional","Medical Supplies","","50 PACK 8 OZ- COD 1304","","","","","","","","",
"265731524887","ISN57783","ISN","Medical Supplies","","CSU34140EFDTC","","","","","","","","",
"265731455809","ISN77271","Launch Tech USA","Medical Supplies","","LAU301050365","","","","","","","","",
"255576714011","ZX9FMSP2333","BioPlus","Medical Supplies","","BI1759216","","","","","","","","",
"265621722586","PAIN02642","Pain Management Technology","Medical Supplies","","IFC4000D","","","","","","","","",
"255463037368","PAIN02489","Pain Management Technology","Medical Supplies","","PLT100S","","","","","","","","",
"265731473438","ZX9PAIN02489","Made-to-Aid","Medical Supplies","","MA934991","","","","","","","","",
"255576673223","SUNY4337","Sunny Health & Fitness","Medical Supplies","","P8700","","","","","","","","",
"265731481369","ZX9FMSP2372","BioPlus","Medical Supplies","","BI1768456","","","","","","","","",
