Item Id,SKU,Brand,Color,Gender,MPN,Custom Bundle,Model,Bundle Description,Modified Item,Modification Description,Country/Region of Manufacture,California Prop 65 Warning,
"255461948952","BMBIN7912","Bambini","Blue","","808.Diaper.Bag","","","","","","","",
"265620515892","ZX9CTTD1941","SweetSensations","","","SW633920","","","","","","","",
"265620533732","ZX9CTTD1546","SweetSensations","","","SW256993","","","","","","","",
"265620507430","ZX9CTTD1960","SweetSensations","","","SW260805","","","","","","","",
