Item Id,SKU,Animal,Brand,Pet Type,Type,Material,Color,Size,Model,Custom Bundle,MPN,Bundle Description,Modified Item,Modification Description,California Prop 65 Warning,Country/Region of Manufacture,
"255461961102","BRNS043","","Brinsea Products","","Small Animal Supplies","","","Large","","","USAG011","","","","","",
"265620564035","PVPP067","Gerbil","Prevue Pet Products","Hamster","Small Animal Houses","","","","","","SP2060G","","","","","",
"255461997189","TXPD102","","Trixie Pet Products","","Small Animal Houses","","Gray","","","","44093","","","","","",
"255461965269","ZX9TXPD195","","PartyAnimal","","Small Animal Houses","","Brown","","","","PA139220","","","","","",
"265620540652","ZX9TXPD102","","PartyAnimal","","Small Animal Houses","","Gray","","","","PA139172","","","","","",
