Item Id,SKU,Brand,Stations,Sport/Activity,Usage,Country/Region of Manufacture,Mounting Location,Material,Color,Features,Type,Item Weight,Item Width,MPN,Manufacturer Warranty,Model,Personalize,Bundle Description,California Prop 65 Warning,Custom Bundle,Item Height,Item Length,Maximum Weight Capacity,Number of Items in Set,Personalized,Set Includes,Vintage,Personalization Instructions,
"265731516955","FABE05333","Fabrication Enterprises","","","","","","","","","Exercise Equipment","","","10-0150","","","","","","","","","","","","","","",
"255576643420","FABE05346","Fabrication Enterprises","","","","","","","","","Exercise Equipment","","","10-0252","","","","","","","","","","","","","","",
"255576671886","FABE05414","Fabrication Enterprises","","","","","","","","","Exercise Equipment","","","10-0253","","","","","","","","","","","","","","",
"265731522860","FABE05406","Fabrication Enterprises","","","","","","","","","Exercise Equipment","","","10-0254","","","","","","","","","","","","","","",
"265731457764","FABE05437","Fabrication Enterprises","","","","","","","","","Exercise Equipment","","","10-0255","","","","","","","","","","","","","","",
"255576688796","FABE05446","Fabrication Enterprises","","","","","","","","","Exercise Equipment","","","10-0256","","","","","","","","","","","","","","",
"265731525601","FMSP2323","Fabrication Enterprises","","","","","","","","","Exercise Equipment","","","12-1151","","","","","","","","","","","","","","",
"255576674682","FMSP4222","Fabrication Enterprises","","","","","","","","","Exercise Equipment","","","50-1023-25","","","","","","","","","","","","","","",
"265731529671","FMSP4286","Fabrication Enterprises","","","","","","","","","Exercise Equipment","","","50-1034-25","","","","","","","","","","","","","","",
"255576637889","FMSP4132","Fabrication Enterprises","","","","","","","","","Exercise Equipment","","","50-1035-25","","","","","","","","","","","","","","",
"265731478261","FMSP4196","Fabrication Enterprises","","","","","","","","","Exercise Equipment","","","50-1036-25","","","","","","","","","","","","","","",
"265731489569","FMSP4251","Fabrication Enterprises","","","","","","","","","Exercise Equipment","","","50-1037-25","","","","","","","","","","","","","","",
"255576720036","ZX9FMSP2323","BioPlus","","","","","","","","","Exercise Equipment","","","BI292764","","","","","","","","","","","","","","",
"265731519348","FMSP12053","The Cuff","","","","","","","","","Exercise Equipment","","","10-2551","","","","","","","","","","","","","","",
"255576680065","FMSP12054","The Cuff","","","","","","","","","Exercise Equipment","","","10-2552","","","","","","","","","","","","","","",
"255576727262","FMSP12055","The Cuff","","","","","","","","","Exercise Equipment","","","10-2553","","","","","","","","","","","","","","",
"265731483825","FMSP12056","The Cuff","","","","","","","","","Exercise Equipment","","","10-2554","","","","","","","","","","","","","","",
"255576685469","FMSP12057","The Cuff","","","","","","","","","Exercise Equipment","","","10-2555","","","","","","","","","","","","","","",
