Item Id,SKU,Brand,Dog Size,Dog Breed,Model,MPN,Custom Bundle,Bundle Description,Modified Item,Modification Description,California Prop 65 Warning,Country/Region of Manufacture,
"265731262727","PWRHS003","Best Friend Mobility","XL","","BFMXL","BFMXL","","","","","","",
"255461994479","GVDS11159","Caldera International","","","","HCBed-M-Gry","","","","","","",
"265620565880","ZX9BRNS1049","PetPath","","","","PE978710","","","","","","",
"255461988558","LKSD025","Lennypads","","","","4872LPT","","","","","","",
"265620547837","ZX9ARMRK101","PetPride","","","","PE165206","","","","","","",
"265620556619","ZX9GC1769","Unconditional Love","","","","UN23457","","","","","","",
"255461978379","AGMD3548","Midwest Metal Products","","","","MW02212","","","","","","",
"255461963886","ZX9BC007671","Unconditional Love","","","","UN9750","","","","","","",
"265620553464","PTLF3799","Touchdog","","","","PB78CGMD","","","","","","",
"265620573141","PTLF3801","Touchdog","","","","PB78GYMD","","","","","","",
