Item Id,SKU,Brand,Features,Power Source,Number of Wheels,Item Width,Item Height,Color,Age Group,Material,Country/Region of Manufacture,Item Length,Type,Model,Number of Speeds,Suitable For,Battery Life,Labels & Certifications,MPN,Manufacturer Warranty,Maximum Load Capacity,Power,Staircase Design,Bundle Description,California Prop 65 Warning,Custom Bundle,Item Weight,Top Speed,
"265621722696","TRVAL115055","Brazos Walking Sticks","","","","","","","","","","","Medical Supplies","","","","","","229644","","","","","","","","","",
"255463070131","CM1056C","Complete Medical Supplies","Bariatric","","","","","","Adult","","","","Medical Supplies","","","","","","1056C","","","","","","","","","",
"265621683738","CMS35004940","Drive Medical","","","2","","","","Adult","","","","Medical Supplies","","2","","","","1075C4","","","","","","","","","",
"265731477687","DMI066","Duro-Med","Bariatric","","","","","","","Steel","","","Medical Supplies","","","","","","501-1032-0700","","","","","","","","","",
"255576718185","FMSP4117","Fabrication Enterprises","","","","","","","Adult","Aluminum","","","Medical Supplies","","","","","","43-2050-8","","","","","","","","","",
"265621725581","FMSP4539","Fabrication Enterprises","","","2","","","","","","","","Medical Supplies","","2","","","","86-0031-25","","","","","","","","","",
"265731505399","CMS35005038","Folding","","","4","","","","Adult","","","","Medical Supplies","","","","","","1075P4","","","","","","","","","",
"265731514615","DMI243","Mabis","Heavy Duty","","","","","","","Aluminum","","","Medical Supplies","","","","","","501-1029-0700","","","","","","","","","",
