Item Id,SKU,Brand,MPN,Model,Custom Bundle,Bundle Description,Modified Item,Modification Description,California Prop 65 Warning,Country/Region of Manufacture,
"265735602834","ZX9SSN12072","Duratron","DU2153982","","","","","","","",
"265735671328","ZX9SPRCH32762","CoolCrafts","CO824342","","","","","","","",
"265735619023","ZX9AZGBC9800350","OfficeSpace","OF40034","","","","","","","",
"255581033347","SSN42652","Ability One","6222127","","","","","","","",
"265735834059","RTL41883","ACCO BRANDS Inc","A7074194","","","","","","","",
"255580963014","SSN60562","Alera","WDE4824-T-WA","","","","","","","",
"255581087789","SSN60561","Alera","ID-4824B","","","","","","","",
"255581140234","AMFN1667","American Furniture Classics","23000","","","","","","","",
"265735617946","AMFN1682","American Furniture Classics","23004K","","","","","","","",
"265735818347","AMFN1683","American Furniture Classics","33243K","","","","","","","",
"265735744405","AMFN1670","American Furniture Classics","33248","","","","","","","",
"265735860139","AMFN1648","American Furniture Classics","41201","","","","","","","",
"255581129749","AMFN1680","American Furniture Classics","42245","","","","","","","",
"265735713265","AMFN1815","American Furniture Classics","BTDH2937-BR","","","","","","","",
"255580956435","AMFN1816","American Furniture Classics","BTDH2937-CO","","","","","","","",
"265735708224","AMFN1819","American Furniture Classics","CNT41-AH","","","","","","","",
"255581070080","AMFN1820","American Furniture Classics","CNT41-WK","","","","","","","",
"265735872752","AMFN1822","American Furniture Classics","CNT42-WK","","","","","","","",
"265735605329","AMFN1823","American Furniture Classics","CNT43-AH","","","","","","","",
"255581194478","AMFN1825","American Furniture Classics","CNT44-AH","","","","","","","",
"265735750930","AMFN1826","American Furniture Classics","CNT44-WK","","","","","","","",
"255580956965","AMFN1829","American Furniture Classics","HGN781-FK","","","","","","","",
"255581278571","AMFN1830","American Furniture Classics","HGN782-FK","","","","","","","",
"255581175988","AMFN1831","American Furniture Classics","HGN783-FK","","","","","","","",
"265735697450","AMFN1832","American Furniture Classics","MDR36-BK","","","","","","","",
"265735840680","AMFN1833","American Furniture Classics","MDR36-WH","","","","","","","",
"255581076665","AMFN1836","American Furniture Classics","MDRLD-BK","","","","","","","",
"255581178005","AMFN1837","American Furniture Classics","MDRLD-WH","","","","","","","",
"265735646598","AMFN1838","American Furniture Classics","MDRUS-BK","","","","","","","",
"255581012973","SSN12072","BAGCRAFT","MCD 1043","","","","","","","",
"265735600193","SPRCH33050","Carl Mfg","CUI62300","","","","","","","",
"265735744738","CRLNC1007","Carolina Cottage","CF4220CHETBK","","","","","","","",
"255581053268","CRLNC1027","Carolina Cottage","CF4220NMNGBK","","","","","","","",
"265735866594","CRLNC1148","Carolina Cottage","TSD3048ELMBLK","","","","","","","",
"255581233632","CCI2219","Convenience Concepts","203520W","","","","","","","",
"255581230655","CCI2239","Convenience Concepts","203534GY","","","","","","","",
"255581173345","ZX9SPRCH43852","RoomFactory","RO1620872","","","","","","","",
"255581218950","ZX9AZSTAN03200","CoolCrafts","CO719672","","","","","","","",
"265735832852","NYGL1638","FLOMO","CR2148MX","","","","","","","",
"265735622620","AZRGBC7704270","GBC Quartet","7704270","","","","","","","",
"255581102807","ZX9CCI1907","HighBoy","HI205370","","","","","","","",
"265735821606","HDSNC1831","Henn & Hart","OF0878","","","","","","","",
"265735918324","IFD2942","Inroom Furniture Designs","HO1169-WH","","","","","","","",
"255581228159","IFD2947","Inroom Furniture Designs","HO-2148","","","","","","","",
"265735713467","IFD2201","KB","HO1278","","","","","","","",
"255581252545","IFD2346","KB","HO240","","","","","","","",
"255581036590","IFD2043","KB","HO245","","","","","","","",
"265735792565","IFD2353","KB","HO2597","","","","","","","",
"255581086341","IFD2379","KB","HO318","","","","","","","",
"265735917357","SSN43967","Linea Italia","TR742CH","","","","","","","",
"255581077144","SPRCH104498","Lorell","LLR18335","","","","","","","",
"265735876808","SPRCH65012","Lorell","LLR59506","","","","","","","",
"265735824458","SPRCH84011","Lorell","LLR69549","","","","","","","",
"255581034675","SPRCH84019","Lorell","LLR69560","","","","","","","",
"255581054719","SPRCH84021","Lorell","LLR69562","","","","","","","",
"265735744294","SPRCH46128","Martin Yale Industries","MAT1340PB","","","","","","","",
"255580956544","ZX9SPRCH46128","CEO","CE127830","","","","","","","",
"255580973418","SPRCH24690","Master Products","MAT525M","","","","","","","",
"265735679336","REDN1720","Redmon","7470","","","","","","","",
"255581073863","SPRCH103934","Safco","SAF5508WHNA","","","","","","","",
"265735931206","SBBR065","Saint Birch","SBAN1012LDEP","","","","","","","",
"265735598956","SBBR015","Saint Birch","SBAS1002WDRB","","","","","","","",
"265735678682","SBBR206","Saint Birch","SBBX1000WDWN","","","","","","","",
"265735830896","SBBR051","Saint Birch","SBFL1614HDTB","","","","","","","",
"265735815161","SBBR064","Saint Birch","SBFL1617HDBM","","","","","","","",
"265735857574","SBBR100","Saint Birch","SBFL1625HDWG","","","","","","","",
"265735806134","SBBR050","Saint Birch","SBFL1626HDGO","","","","","","","",
"255581219127","CNPS260","The Bianco Collection","TBC-4103-PT1730-WHT","","","","","","","",
