Item Id,SKU,Brand,Type,Muscle Group,Country/Region of Manufacture,Material,Color,Sport/Activity,Indoor/Outdoor,Personalized,Features,Item Weight,Item Width,MPN,Model,Usage,Bundle Description,California Prop 65 Warning,Custom Bundle,Item Diameter,Item Height,Item Length,Number of Items in Set,Set Includes,Signed,Vintage,
"265621723413","ZX9CHMP283","HappyHealth","Exercise Equipment","","","","Black","","","","","","","HA206634","","","","","","","","","","","","",
"255463057654","ZX9CHMP008","HappyHealth","Exercise Equipment","","","","Black","","","","","","","HA623050","","","","","","","","","","","","",
"255463040938","ZX9CHMP285","HappyHealth","Exercise Equipment","","","","Black","","","","","","","HA197512","","","","","","","","","","","","",
"265621727668","ZX9FMSP18682","BioPlus","Exercise Equipment","","","","","","","","","","","BI1765381","","","","","","","","","","","","",
"255576667589","ZX9FMSP18679","BioPlus","Exercise Equipment","","","","","","","","","","","BI894057","","","","","","","","","","","","",
"265623947562","ZX9ESSEN28457","HappyHealth","Exercise Equipment","","","","","","","","","","","HA1726637","","","","","","","","","","","","",
"265731504774","FABE1073","Fabrication Enterprises","Exercise Equipment","","","","","","","","","","","10-2826","","","","","","","","","","","","",
"255576703623","FABE1076","Fabrication Enterprises","Exercise Equipment","","","","","","","","","","","10-2832","","","","","","","","","","","","",
"255576700209","FABE1079","Fabrication Enterprises","Exercise Equipment","","","","","","","","","","","10-2838","","","","","","","","","","","","",
"265731531673","FMSP12179","Fabrication Enterprises","Exercise Equipment","","","","","","","","","","","10-3845","","","","","","","","","","","","",
"265731448481","FMSP12180","Fabrication Enterprises","Exercise Equipment","","","","","","","","","","","10-3846","","","","","","","","","","","","",
"265731483635","FMSP18838","Fabrication Enterprises","Exercise Equipment","","","Steel","","","","","","","","15-4191","","","","","","","","","","","","",
"265621702782","FMSP18682","Fabrication Enterprises","Exercise Equipment","","","","","","","","","","","30-4040","","","","","","","","","","","","",
"255576696151","FMSP18679","Fabrication Enterprises","Exercise Equipment","","","","","","","","","","","30-4090","","","","","","","","","","","","",
"255576716988","FMSP18684","Fabrication Enterprises","Exercise Equipment","","","","Black","","","","","","","30-4212","","","","","","","","","","","","",
"255576654364","suny03273","Sunny Distributor","Exercise Equipment","","","","","","Indoor","","","","","SF-B1423","","","","","","","","","","","","",
"265731481704","suny03258","Sunny Distributor","Exercise Equipment","","","","","","","","","","","SF-T4400","","","","","","","","","","","","",
"265731470887","SUNY4412","Sunny Health Fitness","Cycling Bike","Legs","","Steel","Black","Fitness","Indoor","","","125.7 lbs.","23 in.","SFB1805","SF-B1805","Home Use","","","","","45 in.","48 in.","1","","","",
"265731462915","SUNY4377","Sunny Health & Fitness","Exercise Equipment","","","","","","","","","","","SF-B2715","","","","","","","","","","","","",
"255576697507","SUNY4439","Sunny Health & Fitness","Exercise Equipment","","","","","","","","","","","SF-T7857","","","","","","","","","","","","",
