Item Id,SKU,Brand,MPN,Model,Custom Bundle,Bundle Description,Modified Item,Modification Description,California Prop 65 Warning,Country/Region of Manufacture,
"255581139885","ACHR160805","Berry Plastics","50608","","","","","","","",
"255581242941","SPRCH62156","C-Line","CLI47491","","","","","","","",
"255580945952","DLMP1871","Familymaid","34200","","","","","","","",
"265735841872","SSN75201","Fourgals","GAL12X15DS","","","","","","","",
"255581280969","TRVAL58607","NIFTY PRODUCTS","552416","","","","","","","",
"265735608896","SSN13113","Universal Office Products","121580","","","","","","","",
