Item Id,SKU,Brand,Type,Hose Size (Diameter),MPN,Style,Custom Bundle,Bundle Description,Modified Item,Modification Description,California Prop 65 Warning,Model,Country/Region of Manufacture,
"265597095911","CSTX5975","Action Cues","Games","","ACTMS01","","","","","","","","",
"265623449041","OCNTR40429","HomeRoots","Outdoors","","376673","","","","","","","","",
"265623475515","OCNTR40406","HomeRoots","Outdoors","","376696","","","","","","","","",
"255485231618","OCNTR40380","HomeRoots","Outdoors","","376722","","","","","","","","",
