Item Id,SKU,Brand,Country/Region of Manufacture,MPN,Model,Custom Bundle,Bundle Description,California Prop 65 Warning,Type,
"265611969647","BSTWC4650","Gray Metal","","3-327","","","","","Appliance Accessories",
"255453094019","WLLCH6110","Gray Metal","","4X3-311P","","","","","Appliance Accessories",
"265611968842","WLLCH6124","Gray Metal","","5X4-311","","","","","Appliance Accessories",
"265611968683","WLLCH6121","Gray Metal","","6X4-311P","","","","","Appliance Accessories",
"255453094454","WLLCH6132","Gray Metal","","6X5-311","","","","","Appliance Accessories",
"265611968337","BSTWC4651","Gray Metal","","7-327","","","","","Appliance Accessories",
"265611968991","WLLCH6144","Gray Metal","","7X6-311","","","","","Appliance Accessories",
"255453095170","WLLCH6108","Gray Metal","","8X7-311P","","","","","Appliance Accessories",
"255453094129","WLLCH6109","Gray Metal","","9X8-311P","","","","","Appliance Accessories",
