Item Id,SKU,Brand,Handmade,MPN,Model,Sub-Type,Custom Bundle,Bundle Description,Modified Item,Modification Description,Country/Region of Manufacture,California Prop 65 Warning,
"265735914497","EDRE34504","Dixon Ticonderoga Company","","DIX08020","","","","","","","","",
"265735689327","NYGL1619","FLOMO","","CFT803MX","","","","","","","","",
"255580973551","NYGL1636","FLOMO","","CR237","","","","","","","","",
"255581166283","EDRE9272","PACON CORPORATION","","PAC3766","","","","","","","","",
