Item Id,SKU,Brand,MPN,Custom Bundle,Bundle Description,Modified Item,Modification Description,Country/Region of Manufacture,California Prop 65 Warning,
"265735664323","DLMP1495","Familymaid","10877","","","","","","",
"265735666835","DLMP1496","Familymaid","10878","","","","","","",
"265735669580","DLMP1683","Familymaid","23706","","","","","","",
"255581138130","DLMP1702","Familymaid","23728","","","","","","",
"255581093029","DLMP1787","Familymaid","99983","","","","","","",
"265735619864","FY1066","Feiyue","CS-P","","","","","","",
"265735695484","RLNT3176","RELIANT RIBBON","4850M-065-40K","","","","","","",
"255437752173","ACHR12002","Viewtainer","2408763","","","","","","",
