Item Id,SKU,Brand,Compatible Brand,Type,MPN,Custom Bundle,Bundle Description,Modified Item,Modification Description,California Prop 65 Warning,Country/Region of Manufacture,
"255581179472","ZX9RTHO1084","Sarahndipity","","Office","SA1886685","","","","","","",
"255581204272","ZX9RTHO1083","Sarahndipity","","Office","SA2148452","","","","","","",
"265735843118","ZX9MNRCH4024","Daphne&apos;s Dinnette","","Office","DA1597229","","","","","","",
"265735813991","ZX9MNRCH3106","Towels USA","","Office","TO378050","","","","","","",
"265735884984","ZX9MNRCH4042","Daphne&apos;s Dinnette","","Office","DA1599832","","","","","","",
"265735872578","QKWY1112","Basicwise","","Office","QI003557.BL","","","","","","",
"255581205836","QKWY2234","Basicwise","","Office","QI004018.CR.L","","","","","","",
"255581174590","QKWY2232","Basicwise","","Office","QI004018.CR.M","","","","","","",
"265735852472","QKWY2233","Basicwise","","Office","QI004018.WT.L","","","","","","",
"265735936636","SPRCH83162","basyx","","Office","HBXRISER.BLK","","","","","","",
"255580945855","SPRCH83163","basyx","","Office","HBXRISER.WHT","","","","","","",
"265735671754","BTTR064","Better Home","","Office","616859965249","","","","","","",
"255581120275","CRLNC1111","Carolina Cottage","","Office","CL4220G-GLD","","","","","","",
"265735870289","ZX9SPRCH39570","NewestEdition","","Office","NE529636","","","","","","",
"255581202897","ZX9INTC612","FineFabrics","","Office","FI79163","","","","","","",
"255581215730","ZX9SSN1732","BetterBeds","","Office","BE524432","","","","","","",
"255581070424","ZX9RTL52419","HighBoy","","Office","HI29300","","","","","","",
"255089414886","164916","Engenius","","","DURAFON-BC","","","","","","",
"254556998180","120771","EVGA","","","203-AD-EV01-R1","","","","","","",
"255581233675","ZX9SPRCH69706","NewestEdition","","Office","NE687165","","","","","","",
"255581127916","ZX9SPRCH69707","NewestEdition","","Office","NE521701","","","","","","",
"254563199380","258771","Hover Camera","","","Hover-Camera-","","","","","","",
"255581202096","IFD097","InRoom","","Office","2950","","","","","","",
"265735932408","INTC612","Intenational Concepts","","Office","OF-48","","","","","","",
"265735611952","INTC2149","InternationalConcepts","","Office","OF-50","","","","","","",
"255581096061","IFD2047","KB","","Office","HO2960-WH","","","","","","",
"255581264456","IFD2048","KB","","Office","HO2961-BL","","","","","","",
"255580955462","SPRCH39570","Lorell","","Office","LLR48085","","","","","","",
"265735944068","SPRCH83146","Lorell","","Office","LLR82013","","","","","","",
"255581085784","SPRCH83229","Lorell","","Office","LLR82014","","","","","","",
"255581237029","SPRCH83230","Lorell","","Office","LLR82015","","","","","","",
"265735856225","SPRCH86972","Lorell","","Office","LLR99530","","","","","","",
"265735734353","SPRCH81429","Lorell","","Office","LLR99548","","","","","","",
"265735665687","SPRCH69705","Lorell","","Office","LLR99552","","","","","","",
"265735940877","SPRCH69706","Lorell","","Office","LLR99553","","","","","","",
"265735727291","SPRCH69707","Lorell","","Office","LLR99554","","","","","","",
"265735867695","SPRCH78616","Lorell","","Office","LLR99983","","","","","","",
"265735821891","MNRCH4515","Monarch","","Office","I 7555","","","","","","",
"265735609646","MNRCH3106","Monarch Sepcialties","","Office","I 7295","","","","","","",
"265735732376","MNRCH4518","Monarch Specialities","","Office","I 7558","","","","","","",
"265735745598","MNRCH4519","Monarch Specialities","","Office","I 7559","","","","","","",
"265735724142","MNRCH4495","Monarch Specialties","","Office","I 2838","","","","","","",
"265735804192","MNRCH4228","Monarch Specialties","","Office","I 7096","","","","","","",
"265735703512","MNRCH2717","Monarch Specialties","","Office","I 7145","","","","","","",
"265735729771","MNRCH2708","Monarch Specialties","","Office","I 7149","","","","","","",
"265735751873","MNRCH2709","Monarch Specialties","","Office","I 7150","","","","","","",
"265735739791","MNRCH4180","Monarch Specialties","","Office","I 7195","","","","","","",
"265735696735","MNRCH4181","Monarch Specialties","","Office","I 7196","","","","","","",
"265735613258","MNRCH4182","Monarch Specialties","","Office","I 7197","","","","","","",
"255581091260","MNRCH3997","Monarch Specialties","","Office","I 7201","","","","","","",
"255581192002","MNRCH4038","Monarch Specialties","","Office","I 7210","","","","","","",
"265735951600","MNRCH4023","Monarch Specialties","","Office","I 7311","","","","","","",
"255581204340","MNRCH4024","Monarch Specialties","","Office","I 7312","","","","","","",
"255581027942","MNRCH4039","Monarch Specialties","","Office","I 7313","","","","","","",
"265735663370","MNRCH4040","Monarch Specialties","","Office","I 7314","","","","","","",
"265735942101","MNRCH4041","Monarch Specialties","","Office","I 7315","","","","","","",
"265735731330","MNRCH4042","Monarch Specialties","","Office","I 7316","","","","","","",
"255581185913","MNRCH4271","Monarch Specialties","","Office","I 7330","","","","","","",
"255581274003","MNRCH4272","Monarch Specialties","","Office","I 7331","","","","","","",
"265735845584","MNRCH4273","Monarch Specialties","","Office","I 7332","","","","","","",
"265735752384","MNRCH4369","Monarch Specialties","","Office","I 7390","","","","","","",
"265735618582","MNRCH4370","Monarch Specialties","","Office","I 7391","","","","","","",
"255580943309","MNRCH4371","Monarch Specialties","","Office","I 7392","","","","","","",
"265735930918","MNRCH4373","Monarch Specialties","","Office","I 7394","","","","","","",
"255581035896","MNRCH3951","Monarch Specialties","","Office","I 7419","","","","","","",
"255580979628","MNRCH3953","Monarch Specialties","","Office","I 7431","","","","","","",
"265735867519","MNRCH3955","Monarch Specialties","","Office","I 7433","","","","","","",
"255581163937","MNRCH3956","Monarch Specialties","","Office","I 7434","","","","","","",
"255581152931","MNRCH3957","Monarch Specialties","","Office","I 7435","","","","","","",
"265735602095","MNRCH3958","Monarch Specialties","","Office","I 7436","","","","","","",
"255581071989","MNRCH3637","Monarch Specialties","","Office","I 7437","","","","","","",
"265735940296","MNRCH4047","Monarch Specialties","","Office","I 7485","","","","","","",
"265735829874","MNRCH4048","Monarch Specialties","","Office","I 7486","","","","","","",
"255581049593","MNRCH4049","Monarch Specialties","","Office","I 7487","","","","","","",
"265735838081","MNRCH4050","Monarch Specialties","","Office","I 7488","","","","","","",
"255581074591","MNRCH4056","Monarch Specialties","","Office","I 7500","","","","","","",
"255581233272","MNRCH4057","Monarch Specialties","","Office","I 7501","","","","","","",
"265735620429","MNRCH4058","Monarch Specialties","","Office","I 7502","","","","","","",
"265735915577","MNRCH4059","Monarch Specialties","","Office","I 7503","","","","","","",
"255580992308","MNRCH4060","Monarch Specialties","","Office","I 7504","","","","","","",
"255580972386","MNRCH4061","Monarch Specialties","","Office","I 7505","","","","","","",
"265735609467","MNRCH4062","Monarch Specialties","","Office","I 7506","","","","","","",
"255581264401","MNRCH4094","Monarch Specialties","","Office","I 7507","","","","","","",
"255581200776","MNRCH4276","Monarch Specialties","","Office","I 7520","","","","","","",
"255580979697","MNRCH4514","Monarch Specialties","","Office","I 7554","","","","","","",
"265735830578","MNRCH4516","Monarch Specialties","","Office","I 7556","","","","","","",
"265735678180","MNRCH4482","Monarch Specialties","","Office","I 7611","","","","","","",
"265735797766","MNRCH4376","Monarch Specialties","","Office","I 7614","","","","","","",
"265735856702","MNRCH4382","Monarch Specialties","","Office","I 7625","","","","","","",
"255581012515","MNRCH4383","Monarch Specialties","","Office","I 7626","","","","","","",
"265735792160","MNRCH4440","Monarch Specialties","","Office","I 7627","","","","","","",
"255581008712","MNRCH4441","Monarch Specialties","","Office","I 7628","","","","","","",
"265735864586","MNRCH4384","Monarch Specialties","","Office","I 7629","","","","","","",
"265735706855","MNRCH4385","Monarch Specialties","","Office","I 7630","","","","","","",
"255580987949","MNRCH4387","Monarch Specialties","","Office","I 7632","","","","","","",
"265735864111","MNRCH4388","Monarch Specialties","","Office","I 7633","","","","","","",
"265735789304","MNRCH4389","Monarch Specialties","","Office","I 7634","","","","","","",
"265735619480","MNRCH4390","Monarch Specialties","","Office","I 7640","","","","","","",
"265735933783","MNRCH4391","Monarch Specialties","","Office","I 7641","","","","","","",
"255581080198","MNRCH4392","Monarch Specialties","","Office","I 7642","","","","","","",
"255580980587","MNRCH4393","Monarch Specialties","","Office","I 7643","","","","","","",
"265735796199","MNRCH4394","Monarch Specialties","","Office","I 7644","","","","","","",
"255580965549","MNRCH4395","Monarch Specialties","","Office","I 7645","","","","","","",
"265735940696","MNRCH4396","Monarch Specialties","","Office","I 7646","","","","","","",
"265735776879","MNRCH4397","Monarch Specialties","","Office","I 7647","","","","","","",
"265735804422","MNRCH4398","Monarch Specialties","","Office","I 7648","","","","","","",
"255581123368","MNRCH4442","Monarch Specialties","","Office","I 7655","","","","","","",
"255581242023","MNRCH4443","Monarch Specialties","","Office","I 7656","","","","","","",
"255581230405","MNRCH4444","Monarch Specialties","","Office","I 7657","","","","","","",
"265735806027","MNRCH4445","Monarch Specialties","","Office","I 7658","","","","","","",
"265735679469","MNRCH4400","Monarch Specialties","","Office","I 7659","","","","","","",
"265735732900","MNRCH4401","Monarch Specialties","","Office","I 7660","","","","","","",
"255581040283","MNRCH4402","Monarch Specialties","","Office","I 7661","","","","","","",
"255581052519","MNRCH4403","Monarch Specialties","","Office","I 7662","","","","","","",
"255581205940","MNRCH4404","Monarch Specialties","","Office","I 7663","","","","","","",
"255581206065","MNRCH4405","Monarch Specialties","","Office","I 7664","","","","","","",
"255580977163","MNRCH1503","MonarchSpecialties","","Office","I 7171","","","","","","",
"265735617891","RNCY3245","Regency","","Office","CMBT48","","","","","","",
"265735602440","RNCY3248","Regency","","Office","CMBT72","","","","","","",
"255581156355","RTHO1083","RTA Home & Office","","Office","T1D-121","","","","","","",
"255580943221","RTHO1084","RTA Home & Office","","Office","T1D-122","","","","","","",
"255581181843","RTHO016","RTA Home and Office","","Office","CT-009","","","","","","",
"265735687702","RTHO023","RTA Home and Office","","Office","CT-013","","","","","","",
"255581034935","RTHO031","RTA Home and Office","","Office","CT-0135","","","","","","",
"265735935928","RTHO025","RTA Home and Office","","Office","CT-013LR","","","","","","",
"255580976833","RTHO024","RTA Home and Office","","Office","CT-013R","","","","","","",
"265735841308","SPRCH83512","Safco","","Office","SAF1904GRKDB","","","","","","",
"255581159567","SSN1732","Safco Products","","Office","2130SL","","","","","","",
"265735620342","SPRCH86739","Safco","","Office","SAF1944NA","","","","","","",
"265735818545","SPRCH86740","Safco","","Office","SAF1944WH","","","","","","",
"255581205737","SPRCH83518","Safco","","Office","SAF1964WH","","","","","","",
"255121514519","266552","SIIG","","","AC-PW1K12-S1","","","","","","",
"255139737745","156796","SIIG","","","CE-H22C12-S1","","","","","","",
"265227998155","177871","SIIG","","","CE-H22Y11-S1","","","","","","",
"255133842510","117294","SIIG","","","CE-MT0Q11-S1","","","","","","",
"255581018345","ZX9SPRCH69705","NewestEdition","","Office","NE687164","","","","","","",
"254282128578","126606","Supermicro","","","RSC-RR1U-E16","","","","","","",
"255581105684","RTA003","Techni Mobili","","Office","RTA-2706A-WG01","","","","","","",
"255581122315","RTA030","Techni Mobili","","Office","RTA-0039LC-BK","","","","","","",
"265735754044","RTA102","Techni Mobili","","Office","RTA-1305-PN","","","","","","",
"265735603701","RTA1309","Techni Mobili","","Office","RTA-2333-SND","","","","","","",
"255580975074","RTA1308","Techni Mobili","","Office","RTA-2335-WAL","","","","","","",
"255581234202","RTA1307","Techni Mobili","","Office","RTA-2336-GRY","","","","","","",
"265735867059","RTA1314","Techni Mobili","","Office","RTA-2706A-GRY","","","","","","",
"255581274495","RTA043","Techni Mobili","","Office","RTA-3520-CH36","","","","","","",
"265735820995","RTA1430","Techni Mobili","","Office","RTA-4809DL-WAL","","","","","","",
"255580942781","RTA1431","Techni Mobili","","Office","RTA-4820D-WHT","","","","","","",
"265735745901","RTA049","Techni Mobili","","Office","RTA-4985-CH36","","","","","","",
"255581069299","RTA051","Techni Mobili","","Office","RTA-8104-CH36","","","","","","",
"255581246476","RTA1362","Techni Mobili","","Office","RTA-8404-GRY","","","","","","",
"265735843336","RTA1303","Techni Mobili","","Office","RTA-8404-WN","","","","","","",
"255581071064","RTA1435","Techni Mobili","","Office","RTA-B008-WHT","","","","","","",
"265735795283","ZX9CCL326","HighBoy","","Office","HI50740","","","","","","",
"255581201655","ZX9CCL327","HighBoy","","Office","HI21839","","","","","","",
"265735702006","ZX9RTL52408","HighBoy","","Office","HI123321","","","","","","",
"255581179642","ZX9RTL52418","HighBoy","","Office","HI123323","","","","","","",
"254974262617","126924","Vantec","","","CB-STU3-2PB","","","","","","",
"265735606897","SPRCH83259","VICTOR TECHNOLOGY","","Office","VCTDCX710","","","","","","",
