Item Id,SKU,Type,Material,Brand,Model,MPN,Custom Bundle,Bundle Description,Modified Item,Modification Description,Country/Region of Manufacture,California Prop 65 Warning,
"265896928958","DLMP2462","Flower Arrangements","","Family Maid","","27095A","","","","","","",
"265897114173","DLMP2520","Flower Arrangements","","Family Maid","","27415","","","","","","",
"265896960238","DLMP2543","Flower Arrangements","","Family Maid","","27461","","","","","","",
"265730035377","DLMP2566","Flower Arrangements","","Family Maid","","27491A","","","","","","",
"265730027344","DLMP2567","Flower Arrangements","","Family Maid","","27491B","","","","","","",
"255575048136","DLMP2555","Flower Arrangements","","Familymaid","","27477","","","","","","",
"265729918805","DLMP2424","Flower Arrangements","","Familymaid","","27488","","","","","","",
