Item Id,SKU,Type,Brand,Pest/Weed Type,For,MPN,Style,Custom Bundle,Bundle Description,Modified Item,Modification Description,California Prop 65 Warning,Country/Region of Manufacture,
"255463089744","ZX9KLT1896","Insect & Pest Control","LightHouse","Insect","","LI898791","","","","","","","",
"255463082577","KLT1896","Insect & Pest Control","Bite Shield","Insect","","EFK","","","","","","","",
"255463074493","KLT1897","Insect & Pest Control","Bite Shield","","","MKSEFK","","","","","","","",
"265621747307","KLT1874","Insect & Pest Control","Koolatron","","","PR35-4CP","","","","","","","",
"265621741849","TRVAL114115","Insect & Pest Control","Nebo Tools & Asg","","","239819","","","","","","","",
"265621732407","TRVAL122288","Insect & Pest Control","One Source Industries","","","257619","","","","","","","",
"255463080388","ACHR129532","Insect & Pest Control","P F Harris Manufacturing","","","7435381","","","","","","","",
"265621738493","ZX9TRVAL114115","Insect & Pest Control","Clean All","","","CL843691","","","","","","","",
