Item Id,SKU,Brand,MPN,Model,Custom Bundle,Bundle Description,Modified Item,Modification Description,California Prop 65 Warning,Country/Region of Manufacture,
"255581278829","ZX9SPRCH85779","Altruismo","AL2115789","","","","","","","",
"255581230607","SSN57748","3M","FS15200","","","","","","","",
"265735730419","SSN76031","Coastwide Professional","CW57072","","","","","","","",
"255581240612","ZX9SPRCH41961","InkInjection","IN529684","","","","","","","",
"265735746757","ZX9SPRCH24265","The Workstation","TH861552","","","","","","","",
"265735717875","SPRCH24265","Quality Park Products","QUA46020","","","","","","","",
"265735888139","SPRCH85779","Spiral Binding","SBL05ACCELAMINI","","","","","","","",
"265735737292","ESSEN4715","Universal Office Products","M205080","","","","","","","",
