Item Id,SKU,Brand,MPN,Model,Custom Bundle,Bundle Description,Modified Item,Modification Description,California Prop 65 Warning,Country/Region of Manufacture,
"254691978748","174692","Adesso","NUSCAN-500A","AUTOFOCUS VISUAL PRESENTER 6F DOWN-FACING","","","","","","",
"265735715255","TRVAL122493","BRASS CRAFT SERVICE PARTS","715748","","","","","","","",
"265735615584","SPRCH65984","OIC","NSN6421222","","","","","","","",
"265735852652","SPRCH65909","Skilcraft","NSN6421223","","","","","","","",
