Item Id,SKU,Brand,Intended Use/Discipline,MPN,Model,Custom Bundle,Bundle Description,Modified Item,Modification Description,California Prop 65 Warning,Country/Region of Manufacture,
"255576657482","ZX9LGHP2766","Road2Recovery","","RO1819957","","","","","","","",
"265621685628","ZX9CM10104A","BETTERBODY","","BE1652050","","","","","","","",
"255463066595","CM10104A","Complete Medical Supplies","","10104A","","","","","","","",
"265731527731","GNVH1136","Geneva Healthcare","","30-111-00","","","","","","","",
"265621709045","GNVH1105","Geneva Healthcare","","30-112-00","","","","","","","",
"265731522601","GNVH1258","Geneva Healthcare","","60-801-00","","","","","","","",
"255576672354","LGHP2766","Living Health Products","","AZ_74_5720","","","","","","","",
