Item Id,SKU,Type,Brand,MPN,Model,Custom Bundle,Bundle Description,Modified Item,Modification Description,California Prop 65 Warning,Country/Region of Manufacture,
"265735951869","ZX9MKD1199","Office Organization","Nine2Five","NI1104980","","","","","","","",
"265735700625","ZX9MKD1198","Office Organization","Nine2Five","NI1599242","","","","","","","",
"255580977470","ZX9MKD1196","Office Organization","Nine2Five","NI1378911","","","","","","","",
"255581088376","ZX9MKD1201","Office Organization","Nine2Five","NI1104981","","","","","","","",
"255581190783","ZX9MKD1200","Office Organization","Nine2Five","NI1378913","","","","","","","",
"255581244071","ZX9TRVAL68385","Office Organization","WorkstationPro","WO1623808","","","","","","","",
"265735916160","MKD1176","Office Organization","AMKO","EPC","","","","","","","",
"255580971976","MKD1199","Office Organization","AMKO","F-1302-B","","","","","","","",
"255581232286","MKD1200","Office Organization","AMKO","F-1303","","","","","","","",
"255581187268","MKD1201","Office Organization","AMKO","F-1303-B","","","","","","","",
"265735751221","ZX9MKD1176","Office Organization","Nine2Five","NI1378907","","","","","","","",
"255580965644","TRVAL67228","Office Organization","Lozier Store Fixtures","115401","","","","","","","",
"255580968328","TRVAL68385","Office Organization","Midwest Air","843773","","","","","","","",
"265735868879","ZX9TRVAL67228","Office Organization","Classroom USA","CL571793","","","","","","","",
