Item Id,SKU,Style,Brand,MPN,Type,Custom Bundle,Bundle Description,Modified Item,Modification Description,California Prop 65 Warning,Country/Region of Manufacture,
"255483771657","ZX9TRVAL68397","","GrillTown","GR582604","Furniture & Decor","","","","","","",
"255483767318","ZX9TRVAL68433","","GrillTown","GR30291","Furniture & Decor","","","","","","",
"255483721689","ALKO2768","","ALEKO","AC1400ACC-UNB","Furniture & Decor","","","","","","",
"255488735972","ALKO2437","","ALEKO","AC2700NOR-UNB","Furniture & Decor","","","","","","",
"255483853095","ALKO2391","","ALEKO","GG900UNOR-UNB","Furniture & Decor","","","","","","",
"255488763680","WLLCH2134","","BEKAERT STEEL WIRE","164395","Furniture & Decor","","","","","","",
"265634258149","ZX9TRVAL64904","","TePee Supplies","TE571762","Furniture & Decor","","","","","","",
"265644641585","TRVAL64889","","Gallagher","192410","Furniture & Decor","","","","","","",
"255483855677","TRVAL64904","","Gallagher","183358","Furniture & Decor","","","","","","",
"265639798687","TRVAL107406","","Gallagher North America","216833","Furniture & Decor","","","","","","",
"265634285656","JNSN45130","","MAT","308434B","Furniture & Decor","","","","","","",
"265644527293","WLLCH9937","","Mazeland","500150601","Furniture & Decor","","","","","","",
"255476982339","WLLCH9938","","Mazeland","500150721","Furniture & Decor","","","","","","",
"265639652881","WLLCH9943","","Mazeland","500150721B","Furniture & Decor","","","","","","",
"265639571843","WLLCH3055","","Mazeland","8011002411","Furniture & Decor","","","","","","",
"265639629951","WLLCH9993","","Mazeland","8011002412","Furniture & Decor","","","","","","",
"255483741484","WLLCH10006","","Mazeland","80110024121","Furniture & Decor","","","","","","",
"265639684209","WLLCH9994","","Mazeland","8011003612","Furniture & Decor","","","","","","",
"255483705285","WLLCH10007","","Mazeland","80110036121","Furniture & Decor","","","","","","",
"265697647605","WLLCH9986","","Mazeland","8011003624","Furniture & Decor","","","","","","",
"255476902852","WLLCH10004","","Mazeland","8011004811","Furniture & Decor","","","","","","",
"265639681492","WLLCH9987","","Mazeland","8011004824","Furniture & Decor","","","","","","",
"255476987427","WLLCH10005","","Mazeland","8011006011","Furniture & Decor","","","","","","",
"255483893286","WLLCH9988","","Mazeland","8011006024","Furniture & Decor","","","","","","",
"265639515609","WLLCH10008","Smooth","Mazeland","803109","Furniture & Decor","","","","","","",
"265634305347","WLLCH9990","","Mazeland","8051004824","Furniture & Decor","","","","","","",
"265639594316","WLLCH9991","","Mazeland","8051006024","Furniture & Decor","","","","","","",
"255483748877","WLLCH9443","","Mazeland","8094000","Furniture & Decor","","","","","","",
"265644518197","WLLCH10018","","Mazeland","8171412","Furniture & Decor","","","","","","",
"255476981669","TRVAL68412","","Midwest Air","538785","Furniture & Decor","","","","","","",
"255488817587","TRVAL68460","","Midwest Air","538777","Furniture & Decor","","","","","","",
"265639691789","TRVAL68467","","Midwest Air","693876","Furniture & Decor","","","","","","",
"265639667307","TRVAL68430","","Midwest Air","308321A","Furniture & Decor","","","","","","",
"255483943136","TRVAL68397","","Midwest Air","308322A","Furniture & Decor","","","","","","",
"255476983450","TRVAL68433","","Midwest Air","190253","Furniture & Decor","","","","","","",
"255483910970","TRVAL68403","","Midwest Air","309213A","Furniture & Decor","","","","","","",
"265934082375","TRVAL67756","","Midwest Air","309306A","Furniture & Decor","","","","","","",
