Item Id,SKU,Brand,Compatible Brand,Compatible Series,MPN,Compatible Model,Custom Bundle,Bundle Description,Modified Item,Modification Description,California Prop 65 Warning,Country/Region of Manufacture,
"254093294546","107244","Generic","","","Does Not Apply","","","","","","","",
"265294374031","146465","Fujitsu","","","CG01000-280401","","","","","","","",
"254274253335","253844","HP","","","ETT57ZLY41DA","","","","","","","",
"254569857288","118464","Lexmark","","","80C1XY0","","","","","","","",
"265273709883","120475","Panasonic","","","KV-SS033","","","","","","","",
"254537551665","115708","Generic","","","Does Not Apply","","","","","","","",
"264161240987","101684","Generic","","","Does Not Apply","","","","","","","",
