Item Id,SKU,Brand,MPN,Model,Custom Bundle,Bundle Description,Modified Item,Modification Description,California Prop 65 Warning,Country/Region of Manufacture,
"265735730642","ZX9SMDN054","Made-to-Stick","MA1626579","","","","","","","",
"265735811353","ZX9SPRCH28094","Pen2Paper","PE923176","","","","","","","",
"255580948436","AZFEL1231101","FELLOWES","1231101","","","","","","","",
"255581160367","AZFEL1231201","FELLOWES","1231201","","","","","","","",
"265735678353","AZFEL00302","FELLOWES","302","","","","","","","",
"255581070575","SPRCH28094","Smead Manufacturing Company","SMD67070","","","","","","","",
"265597112556","SPRCH12867","Smead Manufacturing Company","SMD67420","","","","","","","",
