Item Id,SKU,Brand,MPN,Model,Custom Bundle,Bundle Description,Modified Item,Modification Description,Expiration Date,California Prop 65 Warning,Country/Region of Manufacture,
"265735741807","ZX9SPRCH78947","Daphne&apos;s Dinnette","DA1646445","","","","","","","","",
"255581120927","SPRCH78669","La-Z-Boy Chair","LZB48799BLK","","","","","","","","",
"265735688177","SPRCH80170","Lorell","LLR16221","","","","","","","","",
"265735951274","SPRCH79039","Lorell","LLR59664","","","","","","","","",
"265735609403","SPRCH79041","Lorell","LLR59666","","","","","","","","",
"265735744803","SPRCH78572","Lorell","LLR83111A204","","","","","","","","",
"265735713537","SPRCH78577","Lorell","LLR99913","","","","","","","","",
"265735804125","SPRCH78947","Satco Products","SDNS6271CT","","","","","","","","",
"255580999570","SPRCH78951","Satco Products","SDNS7218CT","","","","","","","","",
