Item Id,SKU,Brand,Type,MPN,Style,Custom Bundle,Bundle Description,Modified Item,Modification Description,California Prop 65 Warning,Country/Region of Manufacture,
"265634272239","ZX9ORGL25243","GardenControl","Lawn & Landscaping","GA107275","","","","","","","",
"255488815080","ZX9SNRS152","GrillGear","Lawn & Landscaping","GR125939","","","","","","","",
"255483753245","JNSN45791","Ames","Lawn & Landscaping","2300300","","","","","","","",
"255464910130","WLLCH11628","Ames","Lawn & Landscaping","62223","","","","","","","",
"255476928432","ORGL25243","Ames True Temper","Lawn & Landscaping","6430490","","","","","","","",
"265639814247","ZX9ZNPT834","GardenCare","Lawn & Landscaping","GA947108","","","","","","","",
"265623489989","ACHR161963","EBSCO Industries","Lawn & Landscaping","9079536","","","","","","","",
"255464903115","JNSN94758","Eco Flo","Lawn & Landscaping","SPP33W","","","","","","","",
"265623533055","ZX9ZNPT549","GardenCare","Lawn & Landscaping","GA1640609","","","","","","","",
"255483808711","ACHR157914","Generac","Lawn & Landscaping","7024428","","","","","","","",
"255483904167","ACHR158162","Generac","Lawn & Landscaping","7026152","","","","","","","",
"255488833227","TRVAL130696","Generac Power Systems","Lawn & Landscaping","103196","","","","","","","",
"255483883414","SNRS152","Greenworks","Lawn & Landscaping","27072","","","","","","","",
"265623553720","ZX9ZNPT341","GardenCare","Lawn & Landscaping","GA605327","","","","","","","",
"255464905716","WLLCH6088","Keson Industries","Lawn & Landscaping","RR318N","","","","","","","",
"255488769626","TGBE1165","Landworks","Lawn & Landscaping","YTF-LCE06","","","","","","","",
"255464881359","ZX9WLLCH6088","Bold Fontier","Lawn & Landscaping","BO1637989","","","","","","","",
"265623505920","ATM15G49272","Midwest Rake Company","Lawn & Landscaping","M15G49272","","","","","","","",
"255483855793","TRVAL125723","Mtd Southwest","Lawn & Landscaping","263710","","","","","","","",
"265623550144","JNSN95221","Razorback","Lawn & Landscaping","4119000","","","","","","","",
"265639674429","ZX9ZNPT557","GardenCare","Lawn & Landscaping","GA146640","","","","","","","",
"255483869572","JNSN75531","Seymour Midwest Llc","Lawn & Landscaping","WB-10P","","","","","","","",
"265775966551","ZX9BACI1105","Soto Beauty","Lawn & Landscaping","SO1522391","","","","","","","",
"265634317712","ZX9ZNPT1294","GardenCare","Lawn & Landscaping","GA2084726","","","","","","","",
"255864524226","TRVAL128447","WAUPACA NORTHWOODS","Lawn & Landscaping","273352","","","","","","","",
"265639667747","WLLCH13295","Woodstream & Fishock","Lawn & Landscaping","901","","","","","","","",
"265639646831","TGBE012","Yard Tuff","Lawn & Landscaping","ATV-LD","Modern","","","","","","",
"255464878354","ZNPT11022","Zenport","Lawn & Landscaping","15309E-12PK","","","","","","","",
"255464877548","ZNPT11023","Zenport","Lawn & Landscaping","15309I-12PK","","","","","","","",
"265623527542","ZNPT293","Zenport","Lawn & Landscaping","AG4026-12PK","","","","","","","",
"255483682894","ZNPT513","Zenport","Lawn & Landscaping","AGU280-12PK","","","","","","","",
"255512074483","ZNPT1539","Zenport Industries","Lawn & Landscaping","EP26","","","","","","","",
"265639700159","ZNPT1538","Zenport Industries","Lawn & Landscaping","EP27","","","","","","","",
"255483748567","ZNPT234","Zenport","Lawn & Landscaping","EP3-P10","","","","","","","",
"255488651777","ZNPT243","Zenport","Lawn & Landscaping","EP3-P7","","","","","","","",
"265644601684","ZNPT331","Zenport","Lawn & Landscaping","GK02-12PK","","","","","","","",
"255488746002","ZNPT332","Zenport","Lawn & Landscaping","GK03-12PK","","","","","","","",
"265623493253","ZNPT337","Zenport","Lawn & Landscaping","H300-12PK","","","","","","","",
"265623535730","ZNPT338","Zenport","Lawn & Landscaping","H300C-12PK","","","","","","","",
"265623548152","ZNPT341","Zenport","Lawn & Landscaping","H301-12PK","","","","","","","",
"265623537521","ZNPT342","Zenport","Lawn & Landscaping","H301C-12PK","","","","","","","",
"265623536489","ZNPT343","Zenport","Lawn & Landscaping","H301S-12PK","","","","","","","",
"255464909150","ZNPT344","Zenport","Lawn & Landscaping","H301SC-12PK","","","","","","","",
"265623489507","ZNPT347","Zenport","Lawn & Landscaping","H303-12PK","","","","","","","",
"255464874384","ZNPT348","Zenport","Lawn & Landscaping","H304-12PK","","","","","","","",
"255464877091","ZNPT352","Zenport","Lawn & Landscaping","H306SC-10PK","","","","","","","",
"255488833338","ZNPT355","Zenport","Lawn & Landscaping","H320S-20PK","","","","","","","",
"255483749530","ZNPT356","Zenport","Lawn & Landscaping","H322-20PK","","","","","","","",
"255483711405","ZNPT357","Zenport","Lawn & Landscaping","H323-24PK","","","","","","","",
"255483938114","ZNPT384","Zenport","Lawn & Landscaping","H970-12PK","","","","","","","",
"265623556144","ZNPT391","Zenport","Lawn & Landscaping","HJ263-10PK","","","","","","","",
"265644500629","ZNPT817","Zenport","Lawn & Landscaping","HS710-12PK","","","","","","","",
"255488774933","ZNPT11024","Zenport","Lawn & Landscaping","HS723-12PK","","","","","","","",
"255488811420","ZNPT1281","Zenport Industries","Lawn & Landscaping","ET635-10PK","","","","","","","",
"255483944430","ZNPT1294","Zenport Industries","Lawn & Landscaping","HJ500-24PK","","","","","","","",
"265639534891","ZNPT1521","Zenport Industries","Lawn & Landscaping","QV6-10PK","","","","","","","",
"255483748676","ZNPT1527","Zenport Industries","Lawn & Landscaping","Z930-10PK","","","","","","","",
"255488717375","ZNPT1528","Zenport Industries","Lawn & Landscaping","ZL646-10PK","","","","","","","",
"265644496059","ZNPT394","Zenport","Lawn & Landscaping","J6-02-12PK","","","","","","","",
"255476955054","ZNPT397","Zenport","Lawn & Landscaping","J6-05-12PK","","","","","","","",
"255483879709","ZNPT398","Zenport","Lawn & Landscaping","J6-06-12PK","","","","","","","",
"255483910581","ZNPT399","Zenport","Lawn & Landscaping","J6-07-12PK","","","","","","","",
"255483933634","ZNPT400","Zenport","Lawn & Landscaping","J6-08-12PK","","","","","","","",
"255476972812","ZNPT401","Zenport","Lawn & Landscaping","J6-09-12PK","","","","","","","",
"265623537488","ZNPT406","Zenport","Lawn & Landscaping","K103-O-24PK","","","","","","","",
"255464910347","ZNPT692","Zenport","Lawn & Landscaping","K104-B-24PK","","","","","","","",
"265623533827","ZNPT407","Zenport","Lawn & Landscaping","K104-O-24PK","","","","","","","",
"255483895767","ZNPT11031","Zenport","Lawn & Landscaping","K106-20PK","","","","","","","",
"265644495133","ZNPT848","Zenport","Lawn & Landscaping","K106A-10PK","","","","","","","",
"265623544518","ZNPT411","Zenport","Lawn & Landscaping","K110-14-12PK","","","","","","","",
"265623540808","ZNPT420","Zenport","Lawn & Landscaping","K117-12PK","","","","","","","",
"265623554098","ZNPT426","Zenport","Lawn & Landscaping","K123-24PK","","","","","","","",
"265623547831","ZNPT427","Zenport","Lawn & Landscaping","K124-24PK","","","","","","","",
"255464873419","ZNPT428","Zenport","Lawn & Landscaping","K125-24PK","","","","","","","",
"265711142150","ZNPT430","Zenport","Lawn & Landscaping","K141-12PK","","","","","","","",
"265623491805","ZNPT433","Zenport","Lawn & Landscaping","K203-12PK","","","","","","","",
"265623525529","ZNPT440","Zenport","Lawn & Landscaping","K208P-12PK","","","","","","","",
"265623531299","ZNPT860","Zenport","Lawn & Landscaping","K209F-12PK","","","","","","","",
"255488766118","ZNPT596","Zenport","Lawn & Landscaping","K888-12PK","","","","","","","",
"255483770997","ZNPT567","Zenport","Lawn & Landscaping","KS04-20PK","","","","","","","",
"265639710574","ZNPT463","Zenport","Lawn & Landscaping","MV145-12PK","","","","","","","",
"265644580814","ZNPT464","Zenport","Lawn & Landscaping","MV150-12PK","","","","","","","",
"265634317789","ZNPT465","Zenport","Lawn & Landscaping","MV175-12PK","","","","","","","",
"265634304701","ZNPT466","Zenport","Lawn & Landscaping","MV190-12PK","","","","","","","",
"255476984597","ZNPT467","Zenport","Lawn & Landscaping","MV20-6PK","","","","","","","",
"255488698843","ZNPT468","Zenport","Lawn & Landscaping","MV32-6PK","","","","","","","",
"265634285549","ZNPT469","Zenport","Lawn & Landscaping","MV36-6PK","","","","","","","",
"255483711165","ZNPT470","Zenport","Lawn & Landscaping","Q120DX-10PK","","","","","","","",
"255488761439","ZNPT472","Zenport","Lawn & Landscaping","Q19-10PK","","","","","","","",
"265639676248","ZNPT473","Zenport","Lawn & Landscaping","Q20-10PK","","","","","","","",
"255483896683","ZNPT474","Zenport","Lawn & Landscaping","Q22-10PK","","","","","","","",
"265639654636","ZNPT475","Zenport","Lawn & Landscaping","Q64-10PK","","","","","","","",
"255488832966","ZNPT482","Zenport","Lawn & Landscaping","QV8-10PK","","","","","","","",
"255488653738","ZNPT479","Zenport","Lawn & Landscaping","QZ406-10PK","","","","","","","",
"265644622770","ZNPT480","Zenport","Lawn & Landscaping","QZ407-10PK","","","","","","","",
"255556007338","ZNPT481","Zenport","Lawn & Landscaping","QZ408-10PK","","","","","","","",
"265639687894","ZNPT11027","Zenport","Lawn & Landscaping","QZ409-10PK","","","","","","","",
"265639785713","ZNPT832","Zenport","Lawn & Landscaping","QZ412-10PK","","","","","","","",
"255488696366","ZNPT11026","Zenport","Lawn & Landscaping","QZ413-10PK","","","","","","","",
"265639575652","ZNPT834","Zenport","Lawn & Landscaping","QZ431-10PK","","","","","","","",
"265639688790","ZNPT489","Zenport","Lawn & Landscaping","RK111-100PK","","","","","","","",
"265644507869","ZNPT490","Zenport","Lawn & Landscaping","RK112-100PK","","","","","","","",
"255483653333","ZNPT232","Zenport","Lawn & Landscaping","SCA20007","","","","","","","",
"265644542387","ZNPT368","Zenport","Lawn & Landscaping","SF240-12PK","","","","","","","",
"265644635704","ZNPT499","Zenport","Lawn & Landscaping","SF280-12PK","","","","","","","",
"265623495948","ZNPT506","Zenport","Lawn & Landscaping","UK209-12PK","","","","","","","",
"265644629505","ZNPT512","Zenport","Lawn & Landscaping","Z096-10PK","","","","","","","",
"265623555631","ZNPT514","Zenport","Lawn & Landscaping","Z103-10PK","","","","","","","",
"265644594714","ZNPT519","Zenport","Lawn & Landscaping","Z203-10PK","","","","","","","",
"265644589643","ZNPT520","Zenport","Lawn & Landscaping","Z206-10PK","","","","","","","",
"265644632545","ZNPT521","Zenport","Lawn & Landscaping","Z225-10PK","","","","","","","",
"265623537821","ZNPT522","Zenport","Lawn & Landscaping","Z270-10PK","","","","","","","",
"265623534059","ZNPT523","Zenport","Lawn & Landscaping","Z275-10PK","","","","","","","",
"255464892567","ZNPT524","Zenport","Lawn & Landscaping","Z280-10PK","","","","","","","",
"255488784260","ZNPT525","Zenport","Lawn & Landscaping","Z294-12PK","","","","","","","",
"265639528122","ZNPT528","Zenport","Lawn & Landscaping","ZJ67-5PK","","","","","","","",
"265623535340","ZNPT025","Zenport","Lawn & Landscaping","ZJ69-10PK","","","","","","","",
"255483695435","ZNPT598","Zenport","Lawn & Landscaping","ZL201-12PK","","","","","","","",
"255556006468","ZNPT550","Zenport","Lawn & Landscaping","ZR130-10PK","","","","","","","",
"265623495463","ZNPT551","Zenport","Lawn & Landscaping","ZS102-10PK","","","","","","","",
"255488830669","ZNPT557","Zenport","Lawn & Landscaping","ZS109-12PK","","","","","","","",
"265634252500","ZNPT558","Zenport","Lawn & Landscaping","ZS109B-12PK","","","","","","","",
