Item Id,SKU,Brand,Monitor Parameters,Intended Use/Discipline,Features,Technology,MPN,Model,Number of Channels,Screen Dimensions,Custom Bundle,Bundle Description,Modified Item,Modification Description,Expiration Date,California Prop 65 Warning,Country/Region of Manufacture,
"265731512626","ZX9FMSP14419","EUPEPSIA","","","","","EU1765372","","","","","","","","","","",
"255576722452","ZX9FMSP14414","Made2Medicate","","","","","MA1788904","","","","","","","","","","",
"265731521231","FMSP19221","Fabrication Enterprises","","","","","43-2054-8","","","","","","","","","","",
"265731452754","FMSP14419","Orfilight","","","","","24-5763-4","","","","","","","","","","",
"265731530267","FMSP14769","Orfit","","","","","24-5628-4","","","","","","","","","","",
"265731488138","FMSP14414","Orfit","","","","","24-5688-4","","","","","","","","","","",
"265621723822","FMSP10988","Orfit","","","","","24-5903-4","","","","","","","","","","",
