Item Id,SKU,Product,Brand,MPN,Model,Intended Use/Discipline,Custom Bundle,Bundle Description,Modified Item,Modification Description,California Prop 65 Warning,Country/Region of Manufacture,
"255576726514","MABIS2952","","DMI","D 12134","","","","","","","","",
"265597109125","MJMIC943","","MJM International","TRWB-BLK-42","","","","","","","","",
"265731506588","WLLCH19176","","Mr. Chain","98080-6","","","","","","","","",
"265731527071","PNSC067","","Secure","MAT-4SET","","","","","","","","",
"255576691326","PNSC109","","Secure","SBEV-1W","","","","","","","","",
